mode: atomic
github.com/apteva/apps/mcp/crm/attachments.go:55.74,56.16 1 13
github.com/apteva/apps/mcp/crm/attachments.go:56.16,58.3 1 11
github.com/apteva/apps/mcp/crm/attachments.go:59.2,60.16 2 2
github.com/apteva/apps/mcp/crm/attachments.go:60.16,62.3 1 0
github.com/apteva/apps/mcp/crm/attachments.go:63.2,64.48 2 2
github.com/apteva/apps/mcp/crm/attachments.go:64.48,66.3 1 0
github.com/apteva/apps/mcp/crm/attachments.go:67.2,67.38 1 2
github.com/apteva/apps/mcp/crm/attachments.go:67.38,69.3 1 0
github.com/apteva/apps/mcp/crm/attachments.go:70.2,70.17 1 2
github.com/apteva/apps/mcp/crm/attachments.go:73.61,75.40 2 26
github.com/apteva/apps/mcp/crm/attachments.go:75.40,77.10 2 1
github.com/apteva/apps/mcp/crm/attachments.go:77.10,80.18 2 0
github.com/apteva/apps/mcp/crm/attachments.go:80.18,82.5 1 0
github.com/apteva/apps/mcp/crm/attachments.go:83.4,83.52 1 0
github.com/apteva/apps/mcp/crm/attachments.go:83.52,85.5 1 0
github.com/apteva/apps/mcp/crm/attachments.go:87.3,88.30 2 1
github.com/apteva/apps/mcp/crm/attachments.go:88.30,90.11 2 1
github.com/apteva/apps/mcp/crm/attachments.go:90.11,92.5 1 0
github.com/apteva/apps/mcp/crm/attachments.go:93.4,94.41 2 1
github.com/apteva/apps/mcp/crm/attachments.go:94.41,96.5 1 0
github.com/apteva/apps/mcp/crm/attachments.go:97.4,97.52 1 1
github.com/apteva/apps/mcp/crm/attachments.go:97.52,99.5 1 0
github.com/apteva/apps/mcp/crm/attachments.go:100.4,100.63 1 1
github.com/apteva/apps/mcp/crm/attachments.go:100.63,102.5 1 1
github.com/apteva/apps/mcp/crm/attachments.go:103.4,103.20 1 1
github.com/apteva/apps/mcp/crm/attachments.go:103.20,105.5 1 0
github.com/apteva/apps/mcp/crm/attachments.go:108.2,108.51 1 26
github.com/apteva/apps/mcp/crm/attachments.go:108.51,110.10 2 2
github.com/apteva/apps/mcp/crm/attachments.go:110.10,112.52 2 0
github.com/apteva/apps/mcp/crm/attachments.go:112.52,114.5 1 0
github.com/apteva/apps/mcp/crm/attachments.go:116.3,116.26 1 2
github.com/apteva/apps/mcp/crm/attachments.go:116.26,117.29 1 2
github.com/apteva/apps/mcp/crm/attachments.go:117.29,119.5 1 0
github.com/apteva/apps/mcp/crm/attachments.go:121.3,121.20 1 2
github.com/apteva/apps/mcp/crm/attachments.go:123.2,123.35 1 26
github.com/apteva/apps/mcp/crm/attachments.go:123.35,125.3 1 0
github.com/apteva/apps/mcp/crm/attachments.go:126.2,126.12 1 26
github.com/apteva/apps/mcp/crm/attachments.go:129.117,130.32 1 24
github.com/apteva/apps/mcp/crm/attachments.go:130.32,131.16 1 3
github.com/apteva/apps/mcp/crm/attachments.go:131.16,132.12 1 0
github.com/apteva/apps/mcp/crm/attachments.go:134.3,135.19 2 3
github.com/apteva/apps/mcp/crm/attachments.go:135.19,137.4 1 0
github.com/apteva/apps/mcp/crm/attachments.go:138.3,153.17 2 3
github.com/apteva/apps/mcp/crm/attachments.go:153.17,155.4 1 0
github.com/apteva/apps/mcp/crm/attachments.go:157.2,157.12 1 24
github.com/apteva/apps/mcp/crm/attachments.go:160.29,161.12 1 3
github.com/apteva/apps/mcp/crm/attachments.go:161.12,163.3 1 0
github.com/apteva/apps/mcp/crm/attachments.go:164.2,164.10 1 3
github.com/apteva/apps/mcp/crm/attachments.go:167.115,168.27 1 2
github.com/apteva/apps/mcp/crm/attachments.go:168.27,170.3 1 1
github.com/apteva/apps/mcp/crm/attachments.go:171.2,172.16 2 1
github.com/apteva/apps/mcp/crm/attachments.go:172.16,174.3 1 0
github.com/apteva/apps/mcp/crm/attachments.go:175.2,176.86 2 1
github.com/apteva/apps/mcp/crm/attachments.go:176.86,178.3 1 0
github.com/apteva/apps/mcp/crm/attachments.go:179.2,179.20 1 1
github.com/apteva/apps/mcp/crm/attachments.go:182.78,183.77 1 4
github.com/apteva/apps/mcp/crm/attachments.go:183.77,185.3 1 0
github.com/apteva/apps/mcp/crm/attachments.go:186.2,186.21 1 4
github.com/apteva/apps/mcp/crm/attachments.go:186.21,188.3 1 4
github.com/apteva/apps/mcp/crm/attachments.go:189.2,189.14 1 0
github.com/apteva/apps/mcp/crm/attachments.go:192.84,195.31 3 34
github.com/apteva/apps/mcp/crm/attachments.go:195.31,196.15 1 30
github.com/apteva/apps/mcp/crm/attachments.go:196.15,197.12 1 0
github.com/apteva/apps/mcp/crm/attachments.go:199.3,200.15 2 30
github.com/apteva/apps/mcp/crm/attachments.go:200.15,203.4 2 30
github.com/apteva/apps/mcp/crm/attachments.go:205.2,205.19 1 34
github.com/apteva/apps/mcp/crm/attachments.go:205.19,207.3 1 4
github.com/apteva/apps/mcp/crm/attachments.go:208.2,211.25 4 30
github.com/apteva/apps/mcp/crm/attachments.go:211.25,214.3 2 30
github.com/apteva/apps/mcp/crm/attachments.go:215.2,223.16 2 30
github.com/apteva/apps/mcp/crm/attachments.go:223.16,225.3 1 0
github.com/apteva/apps/mcp/crm/attachments.go:226.2,227.18 2 30
github.com/apteva/apps/mcp/crm/attachments.go:227.18,233.50 3 4
github.com/apteva/apps/mcp/crm/attachments.go:233.50,235.4 1 0
github.com/apteva/apps/mcp/crm/attachments.go:236.3,237.42 2 4
github.com/apteva/apps/mcp/crm/attachments.go:237.42,239.4 1 4
github.com/apteva/apps/mcp/crm/attachments.go:241.2,241.19 1 30
github.com/apteva/apps/mcp/crm/audience.go:45.86,47.16 2 5
github.com/apteva/apps/mcp/crm/audience.go:47.16,49.3 1 0
github.com/apteva/apps/mcp/crm/audience.go:50.2,51.84 2 5
github.com/apteva/apps/mcp/crm/audience.go:51.84,53.3 1 0
github.com/apteva/apps/mcp/crm/audience.go:54.2,55.16 2 5
github.com/apteva/apps/mcp/crm/audience.go:55.16,57.3 1 0
github.com/apteva/apps/mcp/crm/audience.go:58.2,59.32 2 5
github.com/apteva/apps/mcp/crm/audience.go:59.32,61.3 1 0
github.com/apteva/apps/mcp/crm/audience.go:62.2,65.108 4 5
github.com/apteva/apps/mcp/crm/audience.go:68.96,73.59 5 5
github.com/apteva/apps/mcp/crm/audience.go:73.59,74.14 1 15
github.com/apteva/apps/mcp/crm/audience.go:74.14,76.4 1 5
github.com/apteva/apps/mcp/crm/audience.go:78.2,78.14 1 5
github.com/apteva/apps/mcp/crm/audience.go:78.14,80.3 1 0
github.com/apteva/apps/mcp/crm/audience.go:82.2,83.20 2 5
github.com/apteva/apps/mcp/crm/audience.go:83.20,89.3 1 2
github.com/apteva/apps/mcp/crm/audience.go:90.2,90.17 1 3
github.com/apteva/apps/mcp/crm/audience.go:90.17,92.17 2 3
github.com/apteva/apps/mcp/crm/audience.go:92.17,94.4 1 0
github.com/apteva/apps/mcp/crm/audience.go:95.3,95.43 1 3
github.com/apteva/apps/mcp/crm/audience.go:95.43,97.4 1 0
github.com/apteva/apps/mcp/crm/audience.go:98.3,103.9 1 3
github.com/apteva/apps/mcp/crm/audience.go:106.2,107.16 2 0
github.com/apteva/apps/mcp/crm/audience.go:107.16,109.3 1 0
github.com/apteva/apps/mcp/crm/audience.go:110.2,110.48 1 0
github.com/apteva/apps/mcp/crm/audience.go:110.48,112.3 1 0
github.com/apteva/apps/mcp/crm/audience.go:113.2,113.30 1 0
github.com/apteva/apps/mcp/crm/audience.go:113.30,120.3 1 0
github.com/apteva/apps/mcp/crm/audience.go:121.2,122.16 2 0
github.com/apteva/apps/mcp/crm/audience.go:122.16,124.3 1 0
github.com/apteva/apps/mcp/crm/audience.go:125.2,128.8 1 0
github.com/apteva/apps/mcp/crm/audience.go:131.172,132.19 1 5
github.com/apteva/apps/mcp/crm/audience.go:132.19,134.3 1 0
github.com/apteva/apps/mcp/crm/audience.go:135.2,136.29 2 5
github.com/apteva/apps/mcp/crm/audience.go:136.29,138.3 1 3
github.com/apteva/apps/mcp/crm/audience.go:140.2,183.19 6 5
github.com/apteva/apps/mcp/crm/audience.go:183.19,187.17 3 5
github.com/apteva/apps/mcp/crm/audience.go:187.17,189.4 1 0
github.com/apteva/apps/mcp/crm/audience.go:190.3,190.19 1 5
github.com/apteva/apps/mcp/crm/audience.go:190.19,193.50 3 17
github.com/apteva/apps/mcp/crm/audience.go:193.50,196.5 2 0
github.com/apteva/apps/mcp/crm/audience.go:197.4,198.25 2 17
github.com/apteva/apps/mcp/crm/audience.go:198.25,200.5 1 4
github.com/apteva/apps/mcp/crm/audience.go:200.10,203.5 2 13
github.com/apteva/apps/mcp/crm/audience.go:205.3,205.38 1 5
github.com/apteva/apps/mcp/crm/audience.go:205.38,207.4 1 0
github.com/apteva/apps/mcp/crm/audience.go:210.2,215.16 4 5
github.com/apteva/apps/mcp/crm/audience.go:215.16,217.3 1 0
github.com/apteva/apps/mcp/crm/audience.go:218.2,224.18 3 5
github.com/apteva/apps/mcp/crm/audience.go:224.18,226.71 2 10
github.com/apteva/apps/mcp/crm/audience.go:226.71,229.4 2 0
github.com/apteva/apps/mcp/crm/audience.go:230.3,230.27 1 10
github.com/apteva/apps/mcp/crm/audience.go:232.2,232.37 1 5
github.com/apteva/apps/mcp/crm/audience.go:232.37,234.3 1 0
github.com/apteva/apps/mcp/crm/audience.go:235.2,235.23 1 5
github.com/apteva/apps/mcp/crm/audience.go:235.23,238.3 2 2
github.com/apteva/apps/mcp/crm/audience.go:239.2,239.27 1 5
github.com/apteva/apps/mcp/crm/audience.go:239.27,240.31 1 8
github.com/apteva/apps/mcp/crm/audience.go:240.31,242.4 1 3
github.com/apteva/apps/mcp/crm/audience.go:242.9,244.4 1 5
github.com/apteva/apps/mcp/crm/audience.go:245.3,245.37 1 8
github.com/apteva/apps/mcp/crm/audience.go:247.2,247.21 1 5
github.com/apteva/apps/mcp/crm/audience.go:247.21,249.3 1 3
github.com/apteva/apps/mcp/crm/audience.go:250.2,250.20 1 5
github.com/apteva/apps/mcp/crm/db_routing.go:27.81,28.51 1 3
github.com/apteva/apps/mcp/crm/db_routing.go:28.52,30.3 0 0
github.com/apteva/apps/mcp/crm/db_routing.go:31.2,31.61 1 3
github.com/apteva/apps/mcp/crm/db_routing.go:31.61,33.3 1 0
github.com/apteva/apps/mcp/crm/db_routing.go:34.2,41.16 2 3
github.com/apteva/apps/mcp/crm/db_routing.go:41.16,43.3 1 0
github.com/apteva/apps/mcp/crm/db_routing.go:44.2,45.16 2 3
github.com/apteva/apps/mcp/crm/db_routing.go:48.73,58.16 2 13
github.com/apteva/apps/mcp/crm/db_routing.go:58.16,60.3 1 0
github.com/apteva/apps/mcp/crm/db_routing.go:61.2,63.18 3 13
github.com/apteva/apps/mcp/crm/db_routing.go:63.18,68.59 4 6
github.com/apteva/apps/mcp/crm/db_routing.go:68.59,70.4 1 0
github.com/apteva/apps/mcp/crm/db_routing.go:71.3,71.19 1 6
github.com/apteva/apps/mcp/crm/db_routing.go:71.19,74.4 2 2
github.com/apteva/apps/mcp/crm/db_routing.go:75.3,76.23 2 6
github.com/apteva/apps/mcp/crm/db_routing.go:78.2,78.24 1 13
github.com/apteva/apps/mcp/crm/db_routing.go:81.66,88.2 2 0
github.com/apteva/apps/mcp/crm/db_routing.go:102.125,105.16 3 13
github.com/apteva/apps/mcp/crm/db_routing.go:105.16,107.3 1 0
github.com/apteva/apps/mcp/crm/db_routing.go:108.2,108.26 1 13
github.com/apteva/apps/mcp/crm/db_routing.go:108.26,109.17 1 6
github.com/apteva/apps/mcp/crm/db_routing.go:109.17,110.12 1 0
github.com/apteva/apps/mcp/crm/db_routing.go:112.3,112.76 1 6
github.com/apteva/apps/mcp/crm/db_routing.go:112.76,113.12 1 3
github.com/apteva/apps/mcp/crm/db_routing.go:115.3,115.25 1 3
github.com/apteva/apps/mcp/crm/db_routing.go:115.25,116.93 1 1
github.com/apteva/apps/mcp/crm/db_routing.go:116.93,118.5 1 1
github.com/apteva/apps/mcp/crm/db_routing.go:120.3,120.52 1 3
github.com/apteva/apps/mcp/crm/db_routing.go:120.52,121.60 1 2
github.com/apteva/apps/mcp/crm/db_routing.go:121.60,123.5 1 2
github.com/apteva/apps/mcp/crm/db_routing.go:126.2,126.19 1 13
github.com/apteva/apps/mcp/crm/db_routing.go:129.69,130.47 1 6
github.com/apteva/apps/mcp/crm/db_routing.go:130.47,132.3 1 2
github.com/apteva/apps/mcp/crm/db_routing.go:133.2,133.34 1 4
github.com/apteva/apps/mcp/crm/db_routing.go:133.34,134.52 1 4
github.com/apteva/apps/mcp/crm/db_routing.go:134.52,136.4 1 3
github.com/apteva/apps/mcp/crm/db_routing.go:138.2,138.14 1 1
github.com/apteva/apps/mcp/crm/db_routing.go:141.60,142.44 1 5
github.com/apteva/apps/mcp/crm/db_routing.go:142.44,144.3 1 1
github.com/apteva/apps/mcp/crm/db_routing.go:145.2,145.53 1 4
github.com/apteva/apps/mcp/crm/db_routing.go:155.55,158.16 3 21
github.com/apteva/apps/mcp/crm/db_routing.go:158.16,160.3 1 1
github.com/apteva/apps/mcp/crm/db_routing.go:161.2,161.9 1 20
github.com/apteva/apps/mcp/crm/db_routing.go:162.59,163.14 1 3
github.com/apteva/apps/mcp/crm/db_routing.go:164.39,165.42 1 6
github.com/apteva/apps/mcp/crm/db_routing.go:166.40,167.46 1 1
github.com/apteva/apps/mcp/crm/db_routing.go:168.40,171.38 3 5
github.com/apteva/apps/mcp/crm/db_routing.go:172.10,173.25 1 5
github.com/apteva/apps/mcp/crm/deliverability.go:43.56,46.9 3 142
github.com/apteva/apps/mcp/crm/deliverability.go:47.20,50.32 3 3
github.com/apteva/apps/mcp/crm/deliverability.go:50.32,52.4 1 3
github.com/apteva/apps/mcp/crm/deliverability.go:53.21,55.74 2 2
github.com/apteva/apps/mcp/crm/deliverability.go:56.34,58.42 2 2
github.com/apteva/apps/mcp/crm/deliverability.go:59.32,61.50 2 0
github.com/apteva/apps/mcp/crm/deliverability.go:62.34,64.42 2 0
github.com/apteva/apps/mcp/crm/deliverability.go:68.106,82.16 2 114
github.com/apteva/apps/mcp/crm/deliverability.go:82.16,84.3 1 0
github.com/apteva/apps/mcp/crm/deliverability.go:85.2,87.18 3 114
github.com/apteva/apps/mcp/crm/deliverability.go:87.18,96.17 3 142
github.com/apteva/apps/mcp/crm/deliverability.go:96.17,98.4 1 0
github.com/apteva/apps/mcp/crm/deliverability.go:99.3,102.27 4 142
github.com/apteva/apps/mcp/crm/deliverability.go:104.2,104.24 1 114
github.com/apteva/apps/mcp/crm/deliverability.go:107.52,111.55 1 0
github.com/apteva/apps/mcp/crm/deliverability.go:111.55,113.4 1 0
github.com/apteva/apps/mcp/crm/deliverability.go:117.71,119.29 2 8
github.com/apteva/apps/mcp/crm/deliverability.go:119.29,121.3 1 0
github.com/apteva/apps/mcp/crm/deliverability.go:122.2,122.15 1 8
github.com/apteva/apps/mcp/crm/deliverability.go:122.15,124.3 1 0
github.com/apteva/apps/mcp/crm/deliverability.go:125.2,125.17 1 8
github.com/apteva/apps/mcp/crm/deliverability.go:128.47,129.74 1 8
github.com/apteva/apps/mcp/crm/deliverability.go:129.74,131.3 1 6
github.com/apteva/apps/mcp/crm/deliverability.go:132.2,137.53 3 2
github.com/apteva/apps/mcp/crm/deliverability.go:140.91,146.16 2 8
github.com/apteva/apps/mcp/crm/deliverability.go:146.16,148.3 1 0
github.com/apteva/apps/mcp/crm/deliverability.go:149.2,150.26 2 8
github.com/apteva/apps/mcp/crm/deliverability.go:153.52,154.31 1 20
github.com/apteva/apps/mcp/crm/deliverability.go:154.31,156.3 1 14
github.com/apteva/apps/mcp/crm/deliverability.go:157.2,157.61 1 6
github.com/apteva/apps/mcp/crm/deliverability.go:157.61,159.3 1 6
github.com/apteva/apps/mcp/crm/deliverability.go:160.2,160.11 1 0
github.com/apteva/apps/mcp/crm/deliverability.go:163.69,165.16 2 10
github.com/apteva/apps/mcp/crm/deliverability.go:165.16,167.3 1 0
github.com/apteva/apps/mcp/crm/deliverability.go:168.2,168.42 1 10
github.com/apteva/apps/mcp/crm/deliverability.go:183.111,195.16 4 5
github.com/apteva/apps/mcp/crm/deliverability.go:195.16,197.3 1 0
github.com/apteva/apps/mcp/crm/deliverability.go:198.2,199.17 2 5
github.com/apteva/apps/mcp/crm/deliverability.go:202.51,204.89 2 10
github.com/apteva/apps/mcp/crm/deliverability.go:204.89,205.57 1 14
github.com/apteva/apps/mcp/crm/deliverability.go:205.57,207.4 1 8
github.com/apteva/apps/mcp/crm/deliverability.go:209.2,209.27 1 2
github.com/apteva/apps/mcp/crm/deliverability.go:212.50,216.2 3 5
github.com/apteva/apps/mcp/crm/deliverability.go:218.84,220.16 2 6
github.com/apteva/apps/mcp/crm/deliverability.go:220.16,222.3 1 0
github.com/apteva/apps/mcp/crm/deliverability.go:223.2,227.42 5 6
github.com/apteva/apps/mcp/crm/deliverability.go:227.42,229.3 1 0
github.com/apteva/apps/mcp/crm/deliverability.go:230.2,231.20 2 6
github.com/apteva/apps/mcp/crm/deliverability.go:231.20,233.3 1 0
github.com/apteva/apps/mcp/crm/deliverability.go:234.2,237.16 3 6
github.com/apteva/apps/mcp/crm/deliverability.go:237.16,239.3 1 0
github.com/apteva/apps/mcp/crm/deliverability.go:240.2,242.29 3 6
github.com/apteva/apps/mcp/crm/deliverability.go:242.29,244.3 1 1
github.com/apteva/apps/mcp/crm/deliverability.go:245.2,251.35 3 5
github.com/apteva/apps/mcp/crm/deliverability.go:251.35,253.3 1 0
github.com/apteva/apps/mcp/crm/deliverability.go:254.2,254.16 1 5
github.com/apteva/apps/mcp/crm/deliverability.go:254.16,256.3 1 0
github.com/apteva/apps/mcp/crm/deliverability.go:257.2,258.16 2 5
github.com/apteva/apps/mcp/crm/deliverability.go:258.16,260.3 1 0
github.com/apteva/apps/mcp/crm/deliverability.go:261.2,261.51 1 5
github.com/apteva/apps/mcp/crm/deliverability.go:261.51,263.3 1 0
github.com/apteva/apps/mcp/crm/deliverability.go:265.2,267.14 3 5
github.com/apteva/apps/mcp/crm/deliverability.go:268.19,281.144 3 1
github.com/apteva/apps/mcp/crm/deliverability.go:282.17,284.16 2 4
github.com/apteva/apps/mcp/crm/deliverability.go:284.16,285.20 1 1
github.com/apteva/apps/mcp/crm/deliverability.go:285.20,287.5 1 0
github.com/apteva/apps/mcp/crm/deliverability.go:288.4,294.5 1 1
github.com/apteva/apps/mcp/crm/deliverability.go:295.9,295.72 1 3
github.com/apteva/apps/mcp/crm/deliverability.go:295.72,298.20 3 3
github.com/apteva/apps/mcp/crm/deliverability.go:298.20,300.5 1 0
github.com/apteva/apps/mcp/crm/deliverability.go:301.4,311.63 2 3
github.com/apteva/apps/mcp/crm/deliverability.go:313.20,314.19 1 0
github.com/apteva/apps/mcp/crm/deliverability.go:314.19,316.4 1 0
github.com/apteva/apps/mcp/crm/deliverability.go:317.3,322.4 1 0
github.com/apteva/apps/mcp/crm/deliverability.go:323.10,323.10 0 0
github.com/apteva/apps/mcp/crm/deliverability.go:327.2,327.16 1 5
github.com/apteva/apps/mcp/crm/deliverability.go:327.16,329.3 1 0
github.com/apteva/apps/mcp/crm/deliverability.go:330.2,330.36 1 5
github.com/apteva/apps/mcp/crm/deliverability.go:330.36,332.3 1 0
github.com/apteva/apps/mcp/crm/deliverability.go:333.2,334.31 2 5
github.com/apteva/apps/mcp/crm/deliverability.go:334.31,336.3 1 1
github.com/apteva/apps/mcp/crm/deliverability.go:337.2,337.27 1 5
github.com/apteva/apps/mcp/crm/deliverability.go:337.27,339.3 1 0
github.com/apteva/apps/mcp/crm/deliverability.go:340.2,340.12 1 5
github.com/apteva/apps/mcp/crm/deliverability.go:352.112,360.2 3 15
github.com/apteva/apps/mcp/crm/deliverability.go:362.89,371.23 2 1
github.com/apteva/apps/mcp/crm/deliverability.go:371.23,373.3 1 0
github.com/apteva/apps/mcp/crm/deliverability.go:376.98,377.16 1 0
github.com/apteva/apps/mcp/crm/deliverability.go:377.16,379.3 1 0
github.com/apteva/apps/mcp/crm/deliverability.go:380.2,380.19 1 0
github.com/apteva/apps/mcp/crm/deliverability.go:380.19,382.3 1 0
github.com/apteva/apps/mcp/crm/deliverability.go:383.2,389.23 2 0
github.com/apteva/apps/mcp/crm/deliverability.go:389.23,391.3 1 0
github.com/apteva/apps/mcp/crm/deliverability.go:401.115,403.23 2 2
github.com/apteva/apps/mcp/crm/deliverability.go:403.23,405.3 1 0
github.com/apteva/apps/mcp/crm/deliverability.go:406.2,412.22 3 2
github.com/apteva/apps/mcp/crm/deliverability.go:412.22,415.3 2 0
github.com/apteva/apps/mcp/crm/deliverability.go:415.8,418.3 2 2
github.com/apteva/apps/mcp/crm/deliverability.go:419.2,420.16 2 2
github.com/apteva/apps/mcp/crm/deliverability.go:420.16,422.3 1 0
github.com/apteva/apps/mcp/crm/deliverability.go:423.2,425.18 3 2
github.com/apteva/apps/mcp/crm/deliverability.go:425.18,427.105 2 2
github.com/apteva/apps/mcp/crm/deliverability.go:427.105,429.4 1 0
github.com/apteva/apps/mcp/crm/deliverability.go:430.3,430.27 1 2
github.com/apteva/apps/mcp/crm/deliverability.go:432.2,432.24 1 2
github.com/apteva/apps/mcp/crm/deliverability.go:435.49,437.9 2 2
github.com/apteva/apps/mcp/crm/deliverability.go:438.45,439.22 1 0
github.com/apteva/apps/mcp/crm/deliverability.go:440.118,441.24 1 1
github.com/apteva/apps/mcp/crm/deliverability.go:442.88,443.24 1 0
github.com/apteva/apps/mcp/crm/deliverability.go:444.10,445.12 1 1
github.com/apteva/apps/mcp/crm/deliverability.go:449.87,451.16 2 2
github.com/apteva/apps/mcp/crm/deliverability.go:451.16,453.3 1 0
github.com/apteva/apps/mcp/crm/deliverability.go:454.2,456.16 3 2
github.com/apteva/apps/mcp/crm/deliverability.go:456.16,458.3 1 0
github.com/apteva/apps/mcp/crm/deliverability.go:459.2,460.60 2 2
github.com/apteva/apps/mcp/crm/deliverability.go:460.60,462.3 1 0
github.com/apteva/apps/mcp/crm/deliverability.go:463.2,464.16 2 2
github.com/apteva/apps/mcp/crm/deliverability.go:464.16,466.3 1 0
github.com/apteva/apps/mcp/crm/deliverability.go:467.2,469.27 3 2
github.com/apteva/apps/mcp/crm/deliverability.go:469.27,471.3 1 1
github.com/apteva/apps/mcp/crm/deliverability.go:472.2,473.17 2 2
github.com/apteva/apps/mcp/crm/deliverability.go:473.17,474.32 1 1
github.com/apteva/apps/mcp/crm/deliverability.go:474.32,476.18 2 1
github.com/apteva/apps/mcp/crm/deliverability.go:476.18,478.5 1 0
github.com/apteva/apps/mcp/crm/deliverability.go:479.4,479.35 1 1
github.com/apteva/apps/mcp/crm/deliverability.go:483.2,484.16 2 2
github.com/apteva/apps/mcp/crm/deliverability.go:484.16,486.3 1 0
github.com/apteva/apps/mcp/crm/deliverability.go:487.2,489.29 3 2
github.com/apteva/apps/mcp/crm/deliverability.go:489.29,491.3 1 0
github.com/apteva/apps/mcp/crm/deliverability.go:492.2,496.24 5 2
github.com/apteva/apps/mcp/crm/deliverability.go:496.24,498.3 1 0
github.com/apteva/apps/mcp/crm/deliverability.go:499.2,499.31 1 2
github.com/apteva/apps/mcp/crm/deliverability.go:499.31,500.17 1 2
github.com/apteva/apps/mcp/crm/deliverability.go:500.17,515.4 2 1
github.com/apteva/apps/mcp/crm/deliverability.go:515.9,517.24 2 1
github.com/apteva/apps/mcp/crm/deliverability.go:517.24,527.5 1 0
github.com/apteva/apps/mcp/crm/deliverability.go:527.10,539.5 1 1
github.com/apteva/apps/mcp/crm/deliverability.go:541.3,541.17 1 2
github.com/apteva/apps/mcp/crm/deliverability.go:541.17,543.4 1 0
github.com/apteva/apps/mcp/crm/deliverability.go:545.2,545.36 1 2
github.com/apteva/apps/mcp/crm/deliverability.go:545.36,547.3 1 0
github.com/apteva/apps/mcp/crm/deliverability.go:548.2,548.31 1 2
github.com/apteva/apps/mcp/crm/deliverability.go:548.31,550.3 1 2
github.com/apteva/apps/mcp/crm/deliverability.go:551.2,551.12 1 2
github.com/apteva/apps/mcp/crm/deliverability.go:554.114,555.52 1 7
github.com/apteva/apps/mcp/crm/deliverability.go:555.52,557.3 1 0
github.com/apteva/apps/mcp/crm/deliverability.go:558.2,559.16 2 7
github.com/apteva/apps/mcp/crm/deliverability.go:559.16,561.3 1 0
github.com/apteva/apps/mcp/crm/deliverability.go:562.2,562.31 1 7
github.com/apteva/apps/mcp/crm/deliverability.go:562.31,563.35 1 7
github.com/apteva/apps/mcp/crm/deliverability.go:563.35,564.12 1 0
github.com/apteva/apps/mcp/crm/deliverability.go:566.3,576.9 2 7
github.com/apteva/apps/mcp/crm/deliverability.go:589.93,591.36 2 2
github.com/apteva/apps/mcp/crm/deliverability.go:591.36,600.25 2 2
github.com/apteva/apps/mcp/crm/deliverability.go:600.25,602.4 1 0
github.com/apteva/apps/mcp/crm/deliverability.go:603.3,604.51 2 2
github.com/apteva/apps/mcp/crm/deliverability.go:604.51,606.4 1 2
github.com/apteva/apps/mcp/crm/deliverability.go:610.50,612.16 2 0
github.com/apteva/apps/mcp/crm/deliverability.go:612.16,614.3 1 0
github.com/apteva/apps/mcp/crm/deliverability.go:615.2,617.18 3 0
github.com/apteva/apps/mcp/crm/deliverability.go:617.18,619.41 2 0
github.com/apteva/apps/mcp/crm/deliverability.go:619.41,621.4 1 0
github.com/apteva/apps/mcp/crm/deliverability.go:622.3,622.25 1 0
github.com/apteva/apps/mcp/crm/deliverability.go:624.2,624.24 1 0
github.com/apteva/apps/mcp/crm/deliverability.go:633.74,640.16 2 2
github.com/apteva/apps/mcp/crm/deliverability.go:640.16,642.3 1 0
github.com/apteva/apps/mcp/crm/deliverability.go:643.2,645.18 3 2
github.com/apteva/apps/mcp/crm/deliverability.go:645.18,647.87 2 2
github.com/apteva/apps/mcp/crm/deliverability.go:647.87,649.4 1 0
github.com/apteva/apps/mcp/crm/deliverability.go:650.3,650.27 1 2
github.com/apteva/apps/mcp/crm/deliverability.go:652.2,652.24 1 2
github.com/apteva/apps/mcp/crm/deliverability.go:655.106,658.54 3 2
github.com/apteva/apps/mcp/crm/deliverability.go:658.54,660.3 1 2
github.com/apteva/apps/mcp/crm/deliverability.go:661.2,661.23 1 2
github.com/apteva/apps/mcp/crm/deliverability.go:661.23,663.32 2 1
github.com/apteva/apps/mcp/crm/deliverability.go:663.32,664.12 1 0
github.com/apteva/apps/mcp/crm/deliverability.go:666.3,666.97 1 1
github.com/apteva/apps/mcp/crm/deliverability.go:666.97,668.4 1 0
github.com/apteva/apps/mcp/crm/deliverability.go:670.2,670.23 1 2
github.com/apteva/apps/mcp/crm/deliverability.go:670.23,672.125 2 1
github.com/apteva/apps/mcp/crm/deliverability.go:672.125,674.4 1 1
github.com/apteva/apps/mcp/crm/deliverability.go:676.2,676.12 1 1
github.com/apteva/apps/mcp/crm/deliverability.go:679.69,680.32 1 0
github.com/apteva/apps/mcp/crm/deliverability.go:680.32,682.3 1 0
github.com/apteva/apps/mcp/crm/deliverability.go:683.2,684.16 2 0
github.com/apteva/apps/mcp/crm/deliverability.go:684.16,686.3 1 0
github.com/apteva/apps/mcp/crm/deliverability.go:687.2,688.27 2 0
github.com/apteva/apps/mcp/crm/deliverability.go:688.27,689.85 1 0
github.com/apteva/apps/mcp/crm/deliverability.go:689.85,691.4 1 0
github.com/apteva/apps/mcp/crm/deliverability.go:693.2,693.17 1 0
github.com/apteva/apps/mcp/crm/deliverability.go:696.79,698.16 2 2
github.com/apteva/apps/mcp/crm/deliverability.go:698.16,700.3 1 0
github.com/apteva/apps/mcp/crm/deliverability.go:701.2,702.16 2 2
github.com/apteva/apps/mcp/crm/deliverability.go:702.16,704.3 1 0
github.com/apteva/apps/mcp/crm/deliverability.go:705.2,707.16 3 2
github.com/apteva/apps/mcp/crm/deliverability.go:707.16,709.3 1 0
github.com/apteva/apps/mcp/crm/deliverability.go:710.2,711.31 2 2
github.com/apteva/apps/mcp/crm/deliverability.go:711.31,713.19 2 2
github.com/apteva/apps/mcp/crm/deliverability.go:713.19,728.4 2 1
github.com/apteva/apps/mcp/crm/deliverability.go:728.9,740.4 1 1
github.com/apteva/apps/mcp/crm/deliverability.go:741.3,741.17 1 2
github.com/apteva/apps/mcp/crm/deliverability.go:741.17,743.4 1 0
github.com/apteva/apps/mcp/crm/deliverability.go:745.2,745.36 1 2
github.com/apteva/apps/mcp/crm/deliverability.go:745.36,747.3 1 0
github.com/apteva/apps/mcp/crm/deliverability.go:751.2,762.16 2 2
github.com/apteva/apps/mcp/crm/deliverability.go:762.16,764.3 1 0
github.com/apteva/apps/mcp/crm/deliverability.go:765.2,770.18 3 2
github.com/apteva/apps/mcp/crm/deliverability.go:770.18,773.99 2 0
github.com/apteva/apps/mcp/crm/deliverability.go:773.99,776.4 2 0
github.com/apteva/apps/mcp/crm/deliverability.go:777.3,777.35 1 0
github.com/apteva/apps/mcp/crm/deliverability.go:779.2,779.37 1 2
github.com/apteva/apps/mcp/crm/deliverability.go:779.37,781.3 1 0
github.com/apteva/apps/mcp/crm/deliverability.go:782.2,782.32 1 2
github.com/apteva/apps/mcp/crm/deliverability.go:782.32,783.54 1 0
github.com/apteva/apps/mcp/crm/deliverability.go:783.54,785.4 1 0
github.com/apteva/apps/mcp/crm/deliverability.go:785.9,787.4 1 0
github.com/apteva/apps/mcp/crm/deliverability.go:789.2,789.12 1 2
github.com/apteva/apps/mcp/crm/deliverability.go:795.85,796.32 1 11
github.com/apteva/apps/mcp/crm/deliverability.go:796.32,798.3 1 11
github.com/apteva/apps/mcp/crm/deliverability.go:799.2,806.16 2 0
github.com/apteva/apps/mcp/crm/deliverability.go:806.16,808.3 1 0
github.com/apteva/apps/mcp/crm/deliverability.go:809.2,810.18 2 0
github.com/apteva/apps/mcp/crm/deliverability.go:810.18,812.87 2 0
github.com/apteva/apps/mcp/crm/deliverability.go:812.87,814.4 1 0
github.com/apteva/apps/mcp/crm/deliverability.go:816.2,817.31 2 0
github.com/apteva/apps/mcp/crm/deliverability.go:817.31,819.17 2 0
github.com/apteva/apps/mcp/crm/deliverability.go:819.17,820.12 1 0
github.com/apteva/apps/mcp/crm/deliverability.go:822.3,823.23 2 0
github.com/apteva/apps/mcp/crm/deliverability.go:823.23,837.4 2 0
github.com/apteva/apps/mcp/crm/deliverability.go:837.9,843.4 1 0
github.com/apteva/apps/mcp/crm/deliverability.go:847.122,849.22 2 14
github.com/apteva/apps/mcp/crm/deliverability.go:849.22,864.3 3 0
github.com/apteva/apps/mcp/crm/deliverability.go:865.2,871.34 1 14
github.com/apteva/apps/mcp/crm/email_verification.go:85.55,86.25 1 1
github.com/apteva/apps/mcp/crm/email_verification.go:86.25,88.3 1 0
github.com/apteva/apps/mcp/crm/email_verification.go:89.2,91.18 3 1
github.com/apteva/apps/mcp/crm/email_verification.go:91.18,93.3 1 0
github.com/apteva/apps/mcp/crm/email_verification.go:94.2,94.90 1 1
github.com/apteva/apps/mcp/crm/email_verification.go:97.79,103.16 2 117
github.com/apteva/apps/mcp/crm/email_verification.go:103.16,105.3 1 0
github.com/apteva/apps/mcp/crm/email_verification.go:106.2,107.136 2 117
github.com/apteva/apps/mcp/crm/email_verification.go:107.136,109.3 1 5
github.com/apteva/apps/mcp/crm/email_verification.go:110.2,110.143 1 117
github.com/apteva/apps/mcp/crm/email_verification.go:110.143,112.3 1 5
github.com/apteva/apps/mcp/crm/email_verification.go:113.2,113.145 1 117
github.com/apteva/apps/mcp/crm/email_verification.go:113.145,115.3 1 0
github.com/apteva/apps/mcp/crm/email_verification.go:116.2,117.17 2 117
github.com/apteva/apps/mcp/crm/email_verification.go:120.65,121.44 1 114
github.com/apteva/apps/mcp/crm/email_verification.go:121.44,123.3 1 81
github.com/apteva/apps/mcp/crm/email_verification.go:124.2,124.50 1 33
github.com/apteva/apps/mcp/crm/email_verification.go:132.69,134.18 2 114
github.com/apteva/apps/mcp/crm/email_verification.go:134.18,136.3 1 100
github.com/apteva/apps/mcp/crm/email_verification.go:137.2,138.19 2 14
github.com/apteva/apps/mcp/crm/email_verification.go:138.19,140.3 1 0
github.com/apteva/apps/mcp/crm/email_verification.go:141.2,142.26 2 14
github.com/apteva/apps/mcp/crm/email_verification.go:142.26,143.133 1 14
github.com/apteva/apps/mcp/crm/email_verification.go:143.133,145.4 1 14
github.com/apteva/apps/mcp/crm/email_verification.go:147.2,147.58 1 14
github.com/apteva/apps/mcp/crm/email_verification.go:150.152,151.19 1 14
github.com/apteva/apps/mcp/crm/email_verification.go:151.19,153.3 1 0
github.com/apteva/apps/mcp/crm/email_verification.go:154.2,161.118 3 14
github.com/apteva/apps/mcp/crm/email_verification.go:161.118,163.3 1 1
github.com/apteva/apps/mcp/crm/email_verification.go:164.2,164.20 1 13
github.com/apteva/apps/mcp/crm/email_verification.go:167.118,169.2 1 2
github.com/apteva/apps/mcp/crm/email_verification.go:171.113,174.10 3 13
github.com/apteva/apps/mcp/crm/email_verification.go:174.10,176.3 1 1
github.com/apteva/apps/mcp/crm/email_verification.go:177.2,179.106 3 13
github.com/apteva/apps/mcp/crm/email_verification.go:179.106,181.3 1 0
github.com/apteva/apps/mcp/crm/email_verification.go:182.2,183.22 2 13
github.com/apteva/apps/mcp/crm/email_verification.go:183.22,185.3 1 0
github.com/apteva/apps/mcp/crm/email_verification.go:186.2,187.50 2 13
github.com/apteva/apps/mcp/crm/email_verification.go:187.50,189.3 1 0
github.com/apteva/apps/mcp/crm/email_verification.go:190.2,217.3 2 13
github.com/apteva/apps/mcp/crm/email_verification.go:220.84,222.10 2 1
github.com/apteva/apps/mcp/crm/email_verification.go:222.10,224.3 1 0
github.com/apteva/apps/mcp/crm/email_verification.go:225.2,235.3 1 1
github.com/apteva/apps/mcp/crm/email_verification.go:238.71,240.32 2 13
github.com/apteva/apps/mcp/crm/email_verification.go:240.32,241.38 1 67
github.com/apteva/apps/mcp/crm/email_verification.go:241.38,242.19 1 18
github.com/apteva/apps/mcp/crm/email_verification.go:242.19,244.5 1 6
github.com/apteva/apps/mcp/crm/email_verification.go:247.2,247.25 1 7
github.com/apteva/apps/mcp/crm/email_verification.go:247.25,248.33 1 2
github.com/apteva/apps/mcp/crm/email_verification.go:249.17,250.26 1 0
github.com/apteva/apps/mcp/crm/email_verification.go:251.20,252.22 1 2
github.com/apteva/apps/mcp/crm/email_verification.go:253.63,254.35 1 0
github.com/apteva/apps/mcp/crm/email_verification.go:257.2,257.29 1 5
github.com/apteva/apps/mcp/crm/email_verification.go:257.29,259.3 1 0
github.com/apteva/apps/mcp/crm/email_verification.go:260.2,260.11 1 5
github.com/apteva/apps/mcp/crm/email_verification.go:263.83,264.156 1 4
github.com/apteva/apps/mcp/crm/email_verification.go:264.156,266.3 1 2
github.com/apteva/apps/mcp/crm/email_verification.go:267.2,267.42 1 2
github.com/apteva/apps/mcp/crm/email_verification.go:267.42,269.3 1 1
github.com/apteva/apps/mcp/crm/email_verification.go:270.2,270.128 1 1
github.com/apteva/apps/mcp/crm/email_verification.go:273.61,274.31 1 2
github.com/apteva/apps/mcp/crm/email_verification.go:274.31,275.20 1 2
github.com/apteva/apps/mcp/crm/email_verification.go:275.20,277.4 1 2
github.com/apteva/apps/mcp/crm/email_verification.go:279.2,279.14 1 0
github.com/apteva/apps/mcp/crm/email_verification.go:282.92,294.2 2 14
github.com/apteva/apps/mcp/crm/email_verification.go:296.90,297.16 1 12
github.com/apteva/apps/mcp/crm/email_verification.go:297.16,299.3 1 0
github.com/apteva/apps/mcp/crm/email_verification.go:300.2,301.16 2 12
github.com/apteva/apps/mcp/crm/email_verification.go:301.16,303.3 1 0
github.com/apteva/apps/mcp/crm/email_verification.go:304.2,305.35 2 12
github.com/apteva/apps/mcp/crm/email_verification.go:305.35,306.30 1 2
github.com/apteva/apps/mcp/crm/email_verification.go:306.30,308.4 1 2
github.com/apteva/apps/mcp/crm/email_verification.go:310.2,311.35 2 12
github.com/apteva/apps/mcp/crm/email_verification.go:311.35,312.63 1 14
github.com/apteva/apps/mcp/crm/email_verification.go:312.63,313.12 1 2
github.com/apteva/apps/mcp/crm/email_verification.go:315.3,315.41 1 12
github.com/apteva/apps/mcp/crm/email_verification.go:317.2,317.20 1 12
github.com/apteva/apps/mcp/crm/email_verification.go:320.192,322.28 2 115
github.com/apteva/apps/mcp/crm/email_verification.go:322.28,324.3 1 3
github.com/apteva/apps/mcp/crm/email_verification.go:325.2,326.19 2 112
github.com/apteva/apps/mcp/crm/email_verification.go:326.19,328.3 1 100
github.com/apteva/apps/mcp/crm/email_verification.go:329.2,330.36 2 12
github.com/apteva/apps/mcp/crm/email_verification.go:330.36,332.3 1 1
github.com/apteva/apps/mcp/crm/email_verification.go:334.2,339.31 6 11
github.com/apteva/apps/mcp/crm/email_verification.go:339.31,341.38 2 12
github.com/apteva/apps/mcp/crm/email_verification.go:341.38,346.22 5 12
github.com/apteva/apps/mcp/crm/email_verification.go:346.22,349.5 2 1
github.com/apteva/apps/mcp/crm/email_verification.go:350.4,351.74 2 11
github.com/apteva/apps/mcp/crm/email_verification.go:354.2,358.33 4 11
github.com/apteva/apps/mcp/crm/email_verification.go:358.33,360.176 2 12
github.com/apteva/apps/mcp/crm/email_verification.go:360.176,362.4 1 3
github.com/apteva/apps/mcp/crm/email_verification.go:364.2,364.23 1 11
github.com/apteva/apps/mcp/crm/email_verification.go:364.23,366.3 1 3
github.com/apteva/apps/mcp/crm/email_verification.go:367.2,367.30 1 8
github.com/apteva/apps/mcp/crm/email_verification.go:370.114,371.41 1 108
github.com/apteva/apps/mcp/crm/email_verification.go:371.41,373.3 1 100
github.com/apteva/apps/mcp/crm/email_verification.go:374.2,375.43 2 8
github.com/apteva/apps/mcp/crm/email_verification.go:375.43,376.30 1 10
github.com/apteva/apps/mcp/crm/email_verification.go:376.30,378.4 1 10
github.com/apteva/apps/mcp/crm/email_verification.go:380.2,380.25 1 8
github.com/apteva/apps/mcp/crm/email_verification.go:380.25,382.3 1 9
github.com/apteva/apps/mcp/crm/email_verification.go:383.2,383.16 1 8
github.com/apteva/apps/mcp/crm/email_verification.go:386.156,388.16 2 104
github.com/apteva/apps/mcp/crm/email_verification.go:388.16,390.3 1 3
github.com/apteva/apps/mcp/crm/email_verification.go:391.2,392.16 2 101
github.com/apteva/apps/mcp/crm/email_verification.go:392.16,394.3 1 2
github.com/apteva/apps/mcp/crm/email_verification.go:395.2,395.59 1 99
github.com/apteva/apps/mcp/crm/email_verification.go:395.59,397.3 1 0
github.com/apteva/apps/mcp/crm/email_verification.go:398.2,398.69 1 99
github.com/apteva/apps/mcp/crm/email_verification.go:401.162,403.16 2 11
github.com/apteva/apps/mcp/crm/email_verification.go:403.16,405.3 1 0
github.com/apteva/apps/mcp/crm/email_verification.go:406.2,406.21 1 11
github.com/apteva/apps/mcp/crm/email_verification.go:406.21,408.3 1 0
github.com/apteva/apps/mcp/crm/email_verification.go:409.2,409.60 1 11
github.com/apteva/apps/mcp/crm/email_verification.go:409.60,411.3 1 0
github.com/apteva/apps/mcp/crm/email_verification.go:412.2,413.16 2 11
github.com/apteva/apps/mcp/crm/email_verification.go:413.16,415.3 1 0
github.com/apteva/apps/mcp/crm/email_verification.go:416.2,417.16 2 11
github.com/apteva/apps/mcp/crm/email_verification.go:417.16,419.3 1 2
github.com/apteva/apps/mcp/crm/email_verification.go:420.2,420.69 1 9
github.com/apteva/apps/mcp/crm/email_verification.go:423.194,426.16 3 15
github.com/apteva/apps/mcp/crm/email_verification.go:426.16,428.3 1 0
github.com/apteva/apps/mcp/crm/email_verification.go:429.2,429.21 1 15
github.com/apteva/apps/mcp/crm/email_verification.go:429.21,432.3 2 3
github.com/apteva/apps/mcp/crm/email_verification.go:433.2,434.34 2 12
github.com/apteva/apps/mcp/crm/email_verification.go:434.34,436.3 1 15
github.com/apteva/apps/mcp/crm/email_verification.go:437.2,440.16 4 12
github.com/apteva/apps/mcp/crm/email_verification.go:440.16,441.106 1 0
github.com/apteva/apps/mcp/crm/email_verification.go:441.106,444.4 2 0
github.com/apteva/apps/mcp/crm/email_verification.go:445.3,445.34 1 0
github.com/apteva/apps/mcp/crm/email_verification.go:447.2,447.36 1 12
github.com/apteva/apps/mcp/crm/email_verification.go:450.145,455.36 2 2
github.com/apteva/apps/mcp/crm/email_verification.go:455.36,457.3 1 0
github.com/apteva/apps/mcp/crm/email_verification.go:458.2,458.21 1 2
github.com/apteva/apps/mcp/crm/email_verification.go:458.21,460.3 1 0
github.com/apteva/apps/mcp/crm/email_verification.go:461.2,463.16 3 2
github.com/apteva/apps/mcp/crm/email_verification.go:463.16,465.3 1 0
github.com/apteva/apps/mcp/crm/email_verification.go:466.2,478.16 5 2
github.com/apteva/apps/mcp/crm/email_verification.go:478.16,480.3 1 0
github.com/apteva/apps/mcp/crm/email_verification.go:481.2,481.52 1 2
github.com/apteva/apps/mcp/crm/email_verification.go:481.52,483.3 1 0
github.com/apteva/apps/mcp/crm/email_verification.go:484.2,485.34 2 2
github.com/apteva/apps/mcp/crm/email_verification.go:485.34,487.3 1 0
github.com/apteva/apps/mcp/crm/email_verification.go:488.2,488.59 1 2
github.com/apteva/apps/mcp/crm/email_verification.go:488.59,490.3 1 0
github.com/apteva/apps/mcp/crm/email_verification.go:491.2,492.29 2 2
github.com/apteva/apps/mcp/crm/inbound_classify.go:42.85,44.29 1 23
github.com/apteva/apps/mcp/crm/inbound_classify.go:44.29,45.107 1 19
github.com/apteva/apps/mcp/crm/inbound_classify.go:45.107,47.4 1 1
github.com/apteva/apps/mcp/crm/inbound_classify.go:48.3,48.53 1 18
github.com/apteva/apps/mcp/crm/inbound_classify.go:48.53,49.49 1 2
github.com/apteva/apps/mcp/crm/inbound_classify.go:50.32,51.36 1 2
github.com/apteva/apps/mcp/crm/inbound_classify.go:54.3,54.86 1 16
github.com/apteva/apps/mcp/crm/inbound_classify.go:54.86,56.4 1 1
github.com/apteva/apps/mcp/crm/inbound_classify.go:57.3,57.57 1 15
github.com/apteva/apps/mcp/crm/inbound_classify.go:57.57,59.4 1 0
github.com/apteva/apps/mcp/crm/inbound_classify.go:60.3,60.67 1 15
github.com/apteva/apps/mcp/crm/inbound_classify.go:60.67,62.4 1 1
github.com/apteva/apps/mcp/crm/inbound_classify.go:67.2,67.62 1 18
github.com/apteva/apps/mcp/crm/inbound_classify.go:67.62,68.43 1 14
github.com/apteva/apps/mcp/crm/inbound_classify.go:68.43,73.39 1 186
github.com/apteva/apps/mcp/crm/inbound_classify.go:73.39,75.5 1 4
github.com/apteva/apps/mcp/crm/inbound_classify.go:78.2,78.44 1 14
github.com/apteva/apps/mcp/crm/inbound_classify.go:78.44,79.46 1 10
github.com/apteva/apps/mcp/crm/inbound_classify.go:79.46,80.59 1 10
github.com/apteva/apps/mcp/crm/inbound_classify.go:80.59,82.5 1 2
github.com/apteva/apps/mcp/crm/inbound_classify.go:85.2,85.18 1 12
github.com/apteva/apps/mcp/crm/inbound_classify.go:88.38,90.48 2 18
github.com/apteva/apps/mcp/crm/inbound_classify.go:90.48,92.3 1 14
github.com/apteva/apps/mcp/crm/inbound_classify.go:93.2,93.11 1 4
github.com/apteva/apps/mcp/crm/inbound_classify.go:99.59,100.28 1 52
github.com/apteva/apps/mcp/crm/inbound_classify.go:100.28,101.32 1 13
github.com/apteva/apps/mcp/crm/inbound_classify.go:101.32,103.4 1 5
github.com/apteva/apps/mcp/crm/inbound_classify.go:105.2,105.11 1 47
github.com/apteva/apps/mcp/crm/inbound_classify.go:108.61,109.25 1 46
github.com/apteva/apps/mcp/crm/inbound_classify.go:109.25,110.32 1 7
github.com/apteva/apps/mcp/crm/inbound_classify.go:110.32,112.4 1 1
github.com/apteva/apps/mcp/crm/inbound_classify.go:114.2,114.14 1 45
github.com/apteva/apps/mcp/crm/inbound_classify.go:117.35,118.23 1 5
github.com/apteva/apps/mcp/crm/inbound_classify.go:119.14,120.11 1 5
github.com/apteva/apps/mcp/crm/inbound_classify.go:121.13,122.17 1 0
github.com/apteva/apps/mcp/crm/inbound_classify.go:122.17,123.34 1 0
github.com/apteva/apps/mcp/crm/inbound_classify.go:123.34,125.5 1 0
github.com/apteva/apps/mcp/crm/inbound_classify.go:128.2,128.11 1 0
github.com/apteva/apps/mcp/crm/lists.go:46.67,47.18 1 18
github.com/apteva/apps/mcp/crm/lists.go:47.18,49.3 1 6
github.com/apteva/apps/mcp/crm/lists.go:50.2,50.18 1 18
github.com/apteva/apps/mcp/crm/lists.go:50.18,52.3 1 0
github.com/apteva/apps/mcp/crm/lists.go:53.2,53.18 1 18
github.com/apteva/apps/mcp/crm/lists.go:53.18,55.3 1 0
github.com/apteva/apps/mcp/crm/lists.go:56.2,65.16 2 18
github.com/apteva/apps/mcp/crm/lists.go:65.16,67.29 1 0
github.com/apteva/apps/mcp/crm/lists.go:67.29,69.4 1 0
github.com/apteva/apps/mcp/crm/lists.go:70.3,70.18 1 0
github.com/apteva/apps/mcp/crm/lists.go:72.2,73.31 2 18
github.com/apteva/apps/mcp/crm/lists.go:76.65,88.58 3 35
github.com/apteva/apps/mcp/crm/lists.go:88.58,89.36 1 1
github.com/apteva/apps/mcp/crm/lists.go:89.36,91.4 1 1
github.com/apteva/apps/mcp/crm/lists.go:92.3,92.18 1 0
github.com/apteva/apps/mcp/crm/lists.go:94.2,94.15 1 34
github.com/apteva/apps/mcp/crm/lists.go:97.64,109.58 3 4
github.com/apteva/apps/mcp/crm/lists.go:109.58,110.36 1 0
github.com/apteva/apps/mcp/crm/lists.go:110.36,112.4 1 0
github.com/apteva/apps/mcp/crm/lists.go:113.3,113.18 1 0
github.com/apteva/apps/mcp/crm/lists.go:115.2,115.15 1 4
github.com/apteva/apps/mcp/crm/lists.go:121.77,122.19 1 1
github.com/apteva/apps/mcp/crm/lists.go:122.19,124.3 1 0
github.com/apteva/apps/mcp/crm/lists.go:125.2,138.58 3 1
github.com/apteva/apps/mcp/crm/lists.go:138.58,139.36 1 0
github.com/apteva/apps/mcp/crm/lists.go:139.36,141.4 1 0
github.com/apteva/apps/mcp/crm/lists.go:142.3,142.18 1 0
github.com/apteva/apps/mcp/crm/lists.go:144.2,144.15 1 1
github.com/apteva/apps/mcp/crm/lists.go:147.80,149.22 2 0
github.com/apteva/apps/mcp/crm/lists.go:149.22,151.3 1 0
github.com/apteva/apps/mcp/crm/lists.go:152.2,163.16 2 0
github.com/apteva/apps/mcp/crm/lists.go:163.16,165.3 1 0
github.com/apteva/apps/mcp/crm/lists.go:166.2,168.18 3 0
github.com/apteva/apps/mcp/crm/lists.go:168.18,172.75 2 0
github.com/apteva/apps/mcp/crm/lists.go:172.75,174.4 1 0
github.com/apteva/apps/mcp/crm/lists.go:176.2,176.17 1 0
github.com/apteva/apps/mcp/crm/lists.go:179.90,189.26 4 0
github.com/apteva/apps/mcp/crm/lists.go:189.26,190.18 1 0
github.com/apteva/apps/mcp/crm/lists.go:190.18,191.12 1 0
github.com/apteva/apps/mcp/crm/lists.go:193.3,194.41 2 0
github.com/apteva/apps/mcp/crm/lists.go:194.41,196.4 1 0
github.com/apteva/apps/mcp/crm/lists.go:196.9,198.4 1 0
github.com/apteva/apps/mcp/crm/lists.go:200.2,200.20 1 0
github.com/apteva/apps/mcp/crm/lists.go:200.20,202.3 1 0
github.com/apteva/apps/mcp/crm/lists.go:203.2,209.16 3 0
github.com/apteva/apps/mcp/crm/lists.go:209.16,211.3 1 0
github.com/apteva/apps/mcp/crm/lists.go:212.2,212.31 1 0
github.com/apteva/apps/mcp/crm/lists.go:215.60,222.2 2 0
github.com/apteva/apps/mcp/crm/lists.go:227.93,228.18 1 17
github.com/apteva/apps/mcp/crm/lists.go:228.18,230.3 1 0
github.com/apteva/apps/mcp/crm/lists.go:231.2,239.50 2 17
github.com/apteva/apps/mcp/crm/lists.go:239.50,241.3 1 0
github.com/apteva/apps/mcp/crm/lists.go:242.2,242.21 1 17
github.com/apteva/apps/mcp/crm/lists.go:242.21,244.3 1 0
github.com/apteva/apps/mcp/crm/lists.go:245.2,245.24 1 17
github.com/apteva/apps/mcp/crm/lists.go:245.24,247.3 1 1
github.com/apteva/apps/mcp/crm/lists.go:248.2,254.12 2 16
github.com/apteva/apps/mcp/crm/lists.go:257.81,264.2 2 1
github.com/apteva/apps/mcp/crm/lists.go:268.82,281.16 2 102
github.com/apteva/apps/mcp/crm/lists.go:281.16,283.3 1 0
github.com/apteva/apps/mcp/crm/lists.go:284.2,286.18 3 102
github.com/apteva/apps/mcp/crm/lists.go:286.18,290.59 2 9
github.com/apteva/apps/mcp/crm/lists.go:290.59,292.4 1 9
github.com/apteva/apps/mcp/crm/lists.go:294.2,294.17 1 102
github.com/apteva/apps/mcp/crm/lists.go:298.89,299.31 1 1
github.com/apteva/apps/mcp/crm/lists.go:299.31,301.3 1 0
github.com/apteva/apps/mcp/crm/lists.go:302.2,318.16 2 1
github.com/apteva/apps/mcp/crm/lists.go:318.16,320.3 1 0
github.com/apteva/apps/mcp/crm/lists.go:321.2,323.18 3 1
github.com/apteva/apps/mcp/crm/lists.go:323.18,326.86 2 1
github.com/apteva/apps/mcp/crm/lists.go:326.86,328.4 1 1
github.com/apteva/apps/mcp/crm/lists.go:330.2,330.17 1 1
github.com/apteva/apps/mcp/crm/lists.go:335.82,337.16 2 14
github.com/apteva/apps/mcp/crm/lists.go:337.16,339.3 1 0
github.com/apteva/apps/mcp/crm/lists.go:340.2,348.34 2 14
github.com/apteva/apps/mcp/crm/lists.go:348.34,350.3 1 0
github.com/apteva/apps/mcp/crm/lists.go:351.2,352.16 2 14
github.com/apteva/apps/mcp/crm/lists.go:352.16,354.3 1 0
github.com/apteva/apps/mcp/crm/lists.go:355.2,356.41 2 14
github.com/apteva/apps/mcp/crm/lists.go:359.80,361.16 2 0
github.com/apteva/apps/mcp/crm/lists.go:361.16,363.3 1 0
github.com/apteva/apps/mcp/crm/lists.go:364.2,366.16 3 0
github.com/apteva/apps/mcp/crm/lists.go:366.16,368.3 1 0
github.com/apteva/apps/mcp/crm/lists.go:369.2,369.61 1 0
github.com/apteva/apps/mcp/crm/lists.go:372.79,374.16 2 0
github.com/apteva/apps/mcp/crm/lists.go:374.16,376.3 1 0
github.com/apteva/apps/mcp/crm/lists.go:377.2,380.13 4 0
github.com/apteva/apps/mcp/crm/lists.go:380.13,382.3 1 0
github.com/apteva/apps/mcp/crm/lists.go:382.8,382.23 1 0
github.com/apteva/apps/mcp/crm/lists.go:382.23,384.3 1 0
github.com/apteva/apps/mcp/crm/lists.go:384.8,386.3 1 0
github.com/apteva/apps/mcp/crm/lists.go:387.2,387.16 1 0
github.com/apteva/apps/mcp/crm/lists.go:387.16,389.3 1 0
github.com/apteva/apps/mcp/crm/lists.go:390.2,390.14 1 0
github.com/apteva/apps/mcp/crm/lists.go:390.14,392.3 1 0
github.com/apteva/apps/mcp/crm/lists.go:393.2,393.54 1 0
github.com/apteva/apps/mcp/crm/lists.go:396.82,398.16 2 0
github.com/apteva/apps/mcp/crm/lists.go:398.16,400.3 1 0
github.com/apteva/apps/mcp/crm/lists.go:401.2,402.13 2 0
github.com/apteva/apps/mcp/crm/lists.go:402.13,404.3 1 0
github.com/apteva/apps/mcp/crm/lists.go:405.2,406.18 2 0
github.com/apteva/apps/mcp/crm/lists.go:406.18,408.3 1 0
github.com/apteva/apps/mcp/crm/lists.go:409.2,410.16 2 0
github.com/apteva/apps/mcp/crm/lists.go:410.16,412.3 1 0
github.com/apteva/apps/mcp/crm/lists.go:413.2,414.41 2 0
github.com/apteva/apps/mcp/crm/lists.go:417.83,419.16 2 0
github.com/apteva/apps/mcp/crm/lists.go:419.16,421.3 1 0
github.com/apteva/apps/mcp/crm/lists.go:422.2,423.13 2 0
github.com/apteva/apps/mcp/crm/lists.go:423.13,425.3 1 0
github.com/apteva/apps/mcp/crm/lists.go:426.2,426.60 1 0
github.com/apteva/apps/mcp/crm/lists.go:426.60,428.3 1 0
github.com/apteva/apps/mcp/crm/lists.go:429.2,430.56 2 0
github.com/apteva/apps/mcp/crm/lists.go:433.86,435.16 2 1
github.com/apteva/apps/mcp/crm/lists.go:435.16,437.3 1 0
github.com/apteva/apps/mcp/crm/lists.go:438.2,440.29 3 1
github.com/apteva/apps/mcp/crm/lists.go:440.29,442.3 1 0
github.com/apteva/apps/mcp/crm/lists.go:443.2,444.80 2 1
github.com/apteva/apps/mcp/crm/lists.go:444.80,446.3 1 0
github.com/apteva/apps/mcp/crm/lists.go:447.2,448.81 2 1
github.com/apteva/apps/mcp/crm/lists.go:451.89,453.16 2 0
github.com/apteva/apps/mcp/crm/lists.go:453.16,455.3 1 0
github.com/apteva/apps/mcp/crm/lists.go:456.2,458.29 3 0
github.com/apteva/apps/mcp/crm/lists.go:458.29,460.3 1 0
github.com/apteva/apps/mcp/crm/lists.go:461.2,461.75 1 0
github.com/apteva/apps/mcp/crm/lists.go:461.75,463.3 1 0
github.com/apteva/apps/mcp/crm/lists.go:464.2,465.83 2 0
github.com/apteva/apps/mcp/crm/lists.go:472.80,474.16 2 0
github.com/apteva/apps/mcp/crm/lists.go:474.16,476.3 1 0
github.com/apteva/apps/mcp/crm/lists.go:477.2,478.17 2 0
github.com/apteva/apps/mcp/crm/lists.go:478.17,480.3 1 0
github.com/apteva/apps/mcp/crm/lists.go:481.2,481.17 1 0
github.com/apteva/apps/mcp/crm/lists.go:481.17,483.3 1 0
github.com/apteva/apps/mcp/crm/lists.go:484.2,485.33 2 0
github.com/apteva/apps/mcp/crm/lists.go:485.33,487.3 1 0
github.com/apteva/apps/mcp/crm/lists.go:490.2,498.16 2 0
github.com/apteva/apps/mcp/crm/lists.go:498.16,500.3 1 0
github.com/apteva/apps/mcp/crm/lists.go:501.2,503.18 3 0
github.com/apteva/apps/mcp/crm/lists.go:503.18,505.40 2 0
github.com/apteva/apps/mcp/crm/lists.go:505.40,507.4 1 0
github.com/apteva/apps/mcp/crm/lists.go:510.2,519.64 4 0
github.com/apteva/apps/mcp/crm/lists.go:522.86,524.16 2 0
github.com/apteva/apps/mcp/crm/lists.go:524.16,526.3 1 0
github.com/apteva/apps/mcp/crm/lists.go:527.2,528.14 2 0
github.com/apteva/apps/mcp/crm/lists.go:528.14,530.3 1 0
github.com/apteva/apps/mcp/crm/lists.go:531.2,532.16 2 0
github.com/apteva/apps/mcp/crm/lists.go:532.16,534.3 1 0
github.com/apteva/apps/mcp/crm/lists.go:535.2,535.61 1 0
github.com/apteva/apps/mcp/crm/lists.go:541.71,542.18 1 0
github.com/apteva/apps/mcp/crm/lists.go:543.22,544.29 1 0
github.com/apteva/apps/mcp/crm/lists.go:545.23,546.32 1 0
github.com/apteva/apps/mcp/crm/lists.go:547.10,548.64 1 0
github.com/apteva/apps/mcp/crm/lists.go:553.74,557.17 4 0
github.com/apteva/apps/mcp/crm/lists.go:557.17,560.3 2 0
github.com/apteva/apps/mcp/crm/lists.go:561.2,561.46 1 0
github.com/apteva/apps/mcp/crm/lists.go:561.46,562.19 1 0
github.com/apteva/apps/mcp/crm/lists.go:563.23,564.41 1 0
github.com/apteva/apps/mcp/crm/lists.go:565.24,566.43 1 0
github.com/apteva/apps/mcp/crm/lists.go:567.26,568.40 1 0
github.com/apteva/apps/mcp/crm/lists.go:568.40,571.5 2 0
github.com/apteva/apps/mcp/crm/lists.go:572.4,573.51 2 0
github.com/apteva/apps/mcp/crm/lists.go:574.11,575.65 1 0
github.com/apteva/apps/mcp/crm/lists.go:577.3,577.9 1 0
github.com/apteva/apps/mcp/crm/lists.go:579.2,579.18 1 0
github.com/apteva/apps/mcp/crm/lists.go:580.22,581.36 1 0
github.com/apteva/apps/mcp/crm/lists.go:582.24,583.39 1 0
github.com/apteva/apps/mcp/crm/lists.go:584.25,585.40 1 0
github.com/apteva/apps/mcp/crm/lists.go:586.10,587.64 1 0
github.com/apteva/apps/mcp/crm/lists.go:591.74,593.16 2 0
github.com/apteva/apps/mcp/crm/lists.go:593.16,596.3 2 0
github.com/apteva/apps/mcp/crm/lists.go:597.2,599.16 3 0
github.com/apteva/apps/mcp/crm/lists.go:599.16,602.3 2 0
github.com/apteva/apps/mcp/crm/lists.go:603.2,603.62 1 0
github.com/apteva/apps/mcp/crm/lists.go:606.77,608.16 2 0
github.com/apteva/apps/mcp/crm/lists.go:608.16,611.3 2 0
github.com/apteva/apps/mcp/crm/lists.go:612.2,613.52 2 0
github.com/apteva/apps/mcp/crm/lists.go:613.52,616.3 2 0
github.com/apteva/apps/mcp/crm/lists.go:617.2,625.34 2 0
github.com/apteva/apps/mcp/crm/lists.go:625.34,628.3 2 0
github.com/apteva/apps/mcp/crm/lists.go:629.2,630.16 2 0
github.com/apteva/apps/mcp/crm/lists.go:630.16,633.3 2 0
github.com/apteva/apps/mcp/crm/lists.go:634.2,635.42 2 0
github.com/apteva/apps/mcp/crm/lists.go:638.83,640.16 2 0
github.com/apteva/apps/mcp/crm/lists.go:640.16,643.3 2 0
github.com/apteva/apps/mcp/crm/lists.go:644.2,645.16 2 0
github.com/apteva/apps/mcp/crm/lists.go:645.16,648.3 2 0
github.com/apteva/apps/mcp/crm/lists.go:649.2,649.14 1 0
github.com/apteva/apps/mcp/crm/lists.go:649.14,652.3 2 0
github.com/apteva/apps/mcp/crm/lists.go:653.2,653.40 1 0
github.com/apteva/apps/mcp/crm/lists.go:656.86,658.16 2 0
github.com/apteva/apps/mcp/crm/lists.go:658.16,661.3 2 0
github.com/apteva/apps/mcp/crm/lists.go:662.2,663.53 2 0
github.com/apteva/apps/mcp/crm/lists.go:663.53,666.3 2 0
github.com/apteva/apps/mcp/crm/lists.go:667.2,668.16 2 0
github.com/apteva/apps/mcp/crm/lists.go:668.16,671.3 2 0
github.com/apteva/apps/mcp/crm/lists.go:672.2,673.42 2 0
github.com/apteva/apps/mcp/crm/lists.go:676.87,678.16 2 0
github.com/apteva/apps/mcp/crm/lists.go:678.16,681.3 2 0
github.com/apteva/apps/mcp/crm/lists.go:682.2,682.66 1 0
github.com/apteva/apps/mcp/crm/lists.go:682.66,685.3 2 0
github.com/apteva/apps/mcp/crm/lists.go:686.2,687.57 2 0
github.com/apteva/apps/mcp/crm/lists.go:690.87,692.16 2 0
github.com/apteva/apps/mcp/crm/lists.go:692.16,695.3 2 0
github.com/apteva/apps/mcp/crm/lists.go:696.2,698.16 3 0
github.com/apteva/apps/mcp/crm/lists.go:698.16,701.3 2 0
github.com/apteva/apps/mcp/crm/lists.go:702.2,702.65 1 0
github.com/apteva/apps/mcp/crm/lists.go:705.93,707.16 2 0
github.com/apteva/apps/mcp/crm/lists.go:707.16,710.3 2 0
github.com/apteva/apps/mcp/crm/lists.go:711.2,712.52 2 0
github.com/apteva/apps/mcp/crm/lists.go:712.52,715.3 2 0
github.com/apteva/apps/mcp/crm/lists.go:716.2,717.14 2 0
github.com/apteva/apps/mcp/crm/lists.go:717.14,720.3 2 0
github.com/apteva/apps/mcp/crm/lists.go:721.2,722.86 2 0
github.com/apteva/apps/mcp/crm/lists.go:722.86,725.3 2 0
github.com/apteva/apps/mcp/crm/lists.go:726.2,727.82 2 0
github.com/apteva/apps/mcp/crm/lists.go:735.78,737.16 2 0
github.com/apteva/apps/mcp/crm/lists.go:737.16,740.3 2 0
github.com/apteva/apps/mcp/crm/lists.go:741.2,744.14 4 0
github.com/apteva/apps/mcp/crm/lists.go:744.14,747.3 2 0
github.com/apteva/apps/mcp/crm/lists.go:748.2,748.18 1 0
github.com/apteva/apps/mcp/crm/lists.go:749.22,751.17 2 0
github.com/apteva/apps/mcp/crm/lists.go:751.17,754.4 2 0
github.com/apteva/apps/mcp/crm/lists.go:755.3,755.63 1 0
github.com/apteva/apps/mcp/crm/lists.go:756.23,758.53 2 0
github.com/apteva/apps/mcp/crm/lists.go:758.53,761.4 2 0
github.com/apteva/apps/mcp/crm/lists.go:762.3,763.18 2 0
github.com/apteva/apps/mcp/crm/lists.go:763.18,766.4 2 0
github.com/apteva/apps/mcp/crm/lists.go:767.3,767.103 1 0
github.com/apteva/apps/mcp/crm/lists.go:767.103,770.4 2 0
github.com/apteva/apps/mcp/crm/lists.go:771.3,772.83 2 0
github.com/apteva/apps/mcp/crm/lists.go:773.10,774.64 1 0
github.com/apteva/apps/mcp/crm/lists.go:778.107,780.16 2 0
github.com/apteva/apps/mcp/crm/lists.go:780.16,783.3 2 0
github.com/apteva/apps/mcp/crm/lists.go:784.2,784.87 1 0
github.com/apteva/apps/mcp/crm/lists.go:784.87,787.3 2 0
github.com/apteva/apps/mcp/crm/lists.go:788.2,789.90 2 0
github.com/apteva/apps/mcp/crm/lists.go:797.35,799.13 2 6
github.com/apteva/apps/mcp/crm/lists.go:799.13,801.3 1 0
github.com/apteva/apps/mcp/crm/lists.go:802.2,804.30 3 6
github.com/apteva/apps/mcp/crm/lists.go:804.30,806.55 2 59
github.com/apteva/apps/mcp/crm/lists.go:806.55,809.4 2 56
github.com/apteva/apps/mcp/crm/lists.go:809.9,809.25 1 3
github.com/apteva/apps/mcp/crm/lists.go:809.25,812.4 2 3
github.com/apteva/apps/mcp/crm/lists.go:814.2,816.12 3 6
github.com/apteva/apps/mcp/crm/lists.go:822.63,823.14 1 0
github.com/apteva/apps/mcp/crm/lists.go:823.14,825.3 1 0
github.com/apteva/apps/mcp/crm/lists.go:826.2,826.17 1 0
github.com/apteva/apps/mcp/crm/lists.go:827.20,828.49 1 0
github.com/apteva/apps/mcp/crm/lists.go:829.35,830.49 1 0
github.com/apteva/apps/mcp/crm/lists.go:832.2,832.11 1 0
github.com/apteva/apps/mcp/crm/lists.go:837.26,839.2 1 0
github.com/apteva/apps/mcp/crm/main.go:456.39,458.16 2 9
github.com/apteva/apps/mcp/crm/main.go:458.16,459.53 1 0
github.com/apteva/apps/mcp/crm/main.go:461.2,461.11 1 9
github.com/apteva/apps/mcp/crm/main.go:464.46,465.24 1 0
github.com/apteva/apps/mcp/crm/main.go:465.24,467.3 1 0
github.com/apteva/apps/mcp/crm/main.go:472.2,475.12 3 0
github.com/apteva/apps/mcp/crm/main.go:478.47,478.61 1 0
github.com/apteva/apps/mcp/crm/main.go:479.47,479.61 1 0
github.com/apteva/apps/mcp/crm/main.go:480.47,480.83 1 0
github.com/apteva/apps/mcp/crm/main.go:481.50,486.2 1 0
github.com/apteva/apps/mcp/crm/main.go:494.40,527.2 1 0
github.com/apteva/apps/mcp/crm/main.go:532.84,533.18 1 0
github.com/apteva/apps/mcp/crm/main.go:534.22,535.27 1 0
github.com/apteva/apps/mcp/crm/main.go:536.23,537.27 1 0
github.com/apteva/apps/mcp/crm/main.go:538.10,539.64 1 0
github.com/apteva/apps/mcp/crm/main.go:546.77,549.21 3 2
github.com/apteva/apps/mcp/crm/main.go:549.21,550.19 1 1
github.com/apteva/apps/mcp/crm/main.go:551.21,552.20 1 0
github.com/apteva/apps/mcp/crm/main.go:553.24,554.33 1 0
github.com/apteva/apps/mcp/crm/main.go:555.25,556.35 1 0
github.com/apteva/apps/mcp/crm/main.go:557.12,558.66 1 0
github.com/apteva/apps/mcp/crm/main.go:560.4,560.10 1 0
github.com/apteva/apps/mcp/crm/main.go:561.19,563.10 2 0
github.com/apteva/apps/mcp/crm/main.go:564.16,566.10 2 0
github.com/apteva/apps/mcp/crm/main.go:567.24,572.11 2 0
github.com/apteva/apps/mcp/crm/main.go:573.43,574.44 1 0
github.com/apteva/apps/mcp/crm/main.go:575.37,576.38 1 0
github.com/apteva/apps/mcp/crm/main.go:577.12,578.40 1 0
github.com/apteva/apps/mcp/crm/main.go:580.4,580.10 1 0
github.com/apteva/apps/mcp/crm/main.go:581.21,583.10 2 0
github.com/apteva/apps/mcp/crm/main.go:584.19,586.10 2 1
github.com/apteva/apps/mcp/crm/main.go:587.16,589.10 2 0
github.com/apteva/apps/mcp/crm/main.go:590.24,592.10 2 0
github.com/apteva/apps/mcp/crm/main.go:595.2,595.18 1 1
github.com/apteva/apps/mcp/crm/main.go:596.22,597.31 1 0
github.com/apteva/apps/mcp/crm/main.go:598.40,603.27 1 1
github.com/apteva/apps/mcp/crm/main.go:604.25,605.28 1 0
github.com/apteva/apps/mcp/crm/main.go:606.10,607.64 1 0
github.com/apteva/apps/mcp/crm/main.go:613.74,614.18 1 0
github.com/apteva/apps/mcp/crm/main.go:615.22,616.33 1 0
github.com/apteva/apps/mcp/crm/main.go:617.23,618.34 1 0
github.com/apteva/apps/mcp/crm/main.go:619.10,620.64 1 0
github.com/apteva/apps/mcp/crm/main.go:628.78,629.33 1 0
github.com/apteva/apps/mcp/crm/main.go:629.33,632.3 2 0
github.com/apteva/apps/mcp/crm/main.go:633.2,635.16 3 0
github.com/apteva/apps/mcp/crm/main.go:635.16,638.3 2 0
github.com/apteva/apps/mcp/crm/main.go:639.2,642.13 4 0
github.com/apteva/apps/mcp/crm/main.go:642.13,645.3 2 0
github.com/apteva/apps/mcp/crm/main.go:646.2,647.52 2 0
github.com/apteva/apps/mcp/crm/main.go:647.52,650.3 2 0
github.com/apteva/apps/mcp/crm/main.go:651.2,652.15 2 0
github.com/apteva/apps/mcp/crm/main.go:652.15,655.3 2 0
github.com/apteva/apps/mcp/crm/main.go:656.2,657.18 2 0
github.com/apteva/apps/mcp/crm/main.go:657.18,659.3 1 0
github.com/apteva/apps/mcp/crm/main.go:660.2,660.89 1 0
github.com/apteva/apps/mcp/crm/main.go:660.89,663.3 2 0
github.com/apteva/apps/mcp/crm/main.go:664.2,664.41 1 0
github.com/apteva/apps/mcp/crm/main.go:669.78,672.16 3 0
github.com/apteva/apps/mcp/crm/main.go:672.16,675.3 2 0
github.com/apteva/apps/mcp/crm/main.go:676.2,679.13 4 0
github.com/apteva/apps/mcp/crm/main.go:679.13,682.3 2 0
github.com/apteva/apps/mcp/crm/main.go:683.2,684.52 2 0
github.com/apteva/apps/mcp/crm/main.go:684.52,687.3 2 0
github.com/apteva/apps/mcp/crm/main.go:688.2,690.34 3 0
github.com/apteva/apps/mcp/crm/main.go:690.34,693.3 2 0
github.com/apteva/apps/mcp/crm/main.go:694.2,695.20 2 0
github.com/apteva/apps/mcp/crm/main.go:695.20,697.3 1 0
github.com/apteva/apps/mcp/crm/main.go:698.2,700.16 3 0
github.com/apteva/apps/mcp/crm/main.go:700.16,703.3 2 0
github.com/apteva/apps/mcp/crm/main.go:704.2,704.46 1 0
github.com/apteva/apps/mcp/crm/main.go:709.37,1353.2 1 5
github.com/apteva/apps/mcp/crm/main.go:1355.13,1355.32 1 0
github.com/apteva/apps/mcp/crm/main.go:1370.66,1371.73 1 243
github.com/apteva/apps/mcp/crm/main.go:1371.73,1373.3 1 242
github.com/apteva/apps/mcp/crm/main.go:1374.2,1374.58 1 1
github.com/apteva/apps/mcp/crm/main.go:1374.58,1376.3 1 0
github.com/apteva/apps/mcp/crm/main.go:1377.2,1377.84 1 1
github.com/apteva/apps/mcp/crm/main.go:1380.65,1381.73 1 11
github.com/apteva/apps/mcp/crm/main.go:1381.73,1383.3 1 11
github.com/apteva/apps/mcp/crm/main.go:1384.2,1384.51 1 0
github.com/apteva/apps/mcp/crm/main.go:1384.51,1386.3 1 0
github.com/apteva/apps/mcp/crm/main.go:1387.2,1387.88 1 0
github.com/apteva/apps/mcp/crm/main.go:1516.77,1518.16 2 13
github.com/apteva/apps/mcp/crm/main.go:1518.16,1520.3 1 0
github.com/apteva/apps/mcp/crm/main.go:1521.2,1523.31 3 13
github.com/apteva/apps/mcp/crm/main.go:1523.31,1525.3 1 0
github.com/apteva/apps/mcp/crm/main.go:1526.2,1529.16 4 13
github.com/apteva/apps/mcp/crm/main.go:1529.16,1531.3 1 0
github.com/apteva/apps/mcp/crm/main.go:1532.2,1533.16 2 13
github.com/apteva/apps/mcp/crm/main.go:1533.16,1535.3 1 0
github.com/apteva/apps/mcp/crm/main.go:1536.2,1536.100 1 13
github.com/apteva/apps/mcp/crm/main.go:1539.74,1541.16 2 6
github.com/apteva/apps/mcp/crm/main.go:1541.16,1543.3 1 0
github.com/apteva/apps/mcp/crm/main.go:1544.2,1545.16 2 6
github.com/apteva/apps/mcp/crm/main.go:1545.16,1547.3 1 0
github.com/apteva/apps/mcp/crm/main.go:1548.2,1548.14 1 6
github.com/apteva/apps/mcp/crm/main.go:1548.14,1550.3 1 0
github.com/apteva/apps/mcp/crm/main.go:1551.2,1553.16 3 6
github.com/apteva/apps/mcp/crm/main.go:1553.16,1555.3 1 0
github.com/apteva/apps/mcp/crm/main.go:1556.2,1556.57 1 6
github.com/apteva/apps/mcp/crm/main.go:1559.81,1561.16 2 5
github.com/apteva/apps/mcp/crm/main.go:1561.16,1563.3 1 0
github.com/apteva/apps/mcp/crm/main.go:1564.2,1568.16 5 5
github.com/apteva/apps/mcp/crm/main.go:1568.16,1570.3 1 0
github.com/apteva/apps/mcp/crm/main.go:1571.2,1571.14 1 5
github.com/apteva/apps/mcp/crm/main.go:1571.14,1576.3 1 0
github.com/apteva/apps/mcp/crm/main.go:1577.2,1579.16 3 5
github.com/apteva/apps/mcp/crm/main.go:1579.16,1581.3 1 0
github.com/apteva/apps/mcp/crm/main.go:1582.2,1583.16 2 5
github.com/apteva/apps/mcp/crm/main.go:1583.16,1585.3 1 0
github.com/apteva/apps/mcp/crm/main.go:1586.2,1587.16 2 5
github.com/apteva/apps/mcp/crm/main.go:1587.16,1589.3 1 0
github.com/apteva/apps/mcp/crm/main.go:1590.2,1591.16 2 5
github.com/apteva/apps/mcp/crm/main.go:1591.16,1593.3 1 0
github.com/apteva/apps/mcp/crm/main.go:1594.2,1595.16 2 5
github.com/apteva/apps/mcp/crm/main.go:1595.16,1597.3 1 0
github.com/apteva/apps/mcp/crm/main.go:1598.2,1603.16 2 5
github.com/apteva/apps/mcp/crm/main.go:1603.16,1605.3 1 0
github.com/apteva/apps/mcp/crm/main.go:1606.2,1611.8 1 5
github.com/apteva/apps/mcp/crm/main.go:1614.83,1615.44 1 11
github.com/apteva/apps/mcp/crm/main.go:1615.44,1617.3 1 0
github.com/apteva/apps/mcp/crm/main.go:1618.2,1618.40 1 11
github.com/apteva/apps/mcp/crm/main.go:1618.40,1620.3 1 0
github.com/apteva/apps/mcp/crm/main.go:1621.2,1621.46 1 11
github.com/apteva/apps/mcp/crm/main.go:1621.46,1623.3 1 0
github.com/apteva/apps/mcp/crm/main.go:1624.2,1624.41 1 11
github.com/apteva/apps/mcp/crm/main.go:1627.88,1628.18 1 6
github.com/apteva/apps/mcp/crm/main.go:1628.18,1630.3 1 0
github.com/apteva/apps/mcp/crm/main.go:1631.2,1637.3 1 6
github.com/apteva/apps/mcp/crm/main.go:1650.18,1651.18 1 5
github.com/apteva/apps/mcp/crm/main.go:1651.18,1653.3 1 0
github.com/apteva/apps/mcp/crm/main.go:1654.2,1654.23 1 5
github.com/apteva/apps/mcp/crm/main.go:1654.23,1656.3 1 0
github.com/apteva/apps/mcp/crm/main.go:1657.2,1657.26 1 5
github.com/apteva/apps/mcp/crm/main.go:1657.26,1659.3 1 0
github.com/apteva/apps/mcp/crm/main.go:1660.2,1660.26 1 5
github.com/apteva/apps/mcp/crm/main.go:1660.26,1662.3 1 0
github.com/apteva/apps/mcp/crm/main.go:1663.2,1677.3 1 5
github.com/apteva/apps/mcp/crm/main.go:1680.68,1687.2 1 15
github.com/apteva/apps/mcp/crm/main.go:1689.85,1691.16 2 18
github.com/apteva/apps/mcp/crm/main.go:1691.16,1693.3 1 2
github.com/apteva/apps/mcp/crm/main.go:1694.2,1694.17 1 16
github.com/apteva/apps/mcp/crm/main.go:1694.17,1696.3 1 1
github.com/apteva/apps/mcp/crm/main.go:1697.2,1697.14 1 15
github.com/apteva/apps/mcp/crm/main.go:1700.76,1707.2 3 5
github.com/apteva/apps/mcp/crm/main.go:1709.80,1716.2 3 5
github.com/apteva/apps/mcp/crm/main.go:1718.77,1720.16 2 85
github.com/apteva/apps/mcp/crm/main.go:1720.16,1722.3 1 1
github.com/apteva/apps/mcp/crm/main.go:1723.2,1724.16 2 84
github.com/apteva/apps/mcp/crm/main.go:1724.16,1726.3 1 1
github.com/apteva/apps/mcp/crm/main.go:1727.2,1728.16 2 83
github.com/apteva/apps/mcp/crm/main.go:1728.16,1730.3 1 2
github.com/apteva/apps/mcp/crm/main.go:1731.2,1734.22 4 81
github.com/apteva/apps/mcp/crm/main.go:1734.22,1736.3 1 3
github.com/apteva/apps/mcp/crm/main.go:1737.2,1737.17 1 81
github.com/apteva/apps/mcp/crm/main.go:1740.77,1742.16 2 7
github.com/apteva/apps/mcp/crm/main.go:1742.16,1744.3 1 0
github.com/apteva/apps/mcp/crm/main.go:1745.2,1747.29 3 7
github.com/apteva/apps/mcp/crm/main.go:1747.29,1749.3 1 0
github.com/apteva/apps/mcp/crm/main.go:1750.2,1752.16 3 7
github.com/apteva/apps/mcp/crm/main.go:1752.16,1754.3 1 2
github.com/apteva/apps/mcp/crm/main.go:1755.2,1755.53 1 5
github.com/apteva/apps/mcp/crm/main.go:1755.53,1757.3 1 0
github.com/apteva/apps/mcp/crm/main.go:1758.2,1759.80 2 5
github.com/apteva/apps/mcp/crm/main.go:1762.86,1764.16 2 6
github.com/apteva/apps/mcp/crm/main.go:1764.16,1766.3 1 0
github.com/apteva/apps/mcp/crm/main.go:1767.2,1769.31 3 6
github.com/apteva/apps/mcp/crm/main.go:1769.31,1771.3 1 0
github.com/apteva/apps/mcp/crm/main.go:1772.2,1775.16 4 6
github.com/apteva/apps/mcp/crm/main.go:1775.16,1777.3 1 0
github.com/apteva/apps/mcp/crm/main.go:1780.2,1781.13 2 6
github.com/apteva/apps/mcp/crm/main.go:1781.13,1783.3 1 4
github.com/apteva/apps/mcp/crm/main.go:1783.8,1785.3 1 2
github.com/apteva/apps/mcp/crm/main.go:1786.2,1787.25 2 6
github.com/apteva/apps/mcp/crm/main.go:1787.25,1789.3 1 3
github.com/apteva/apps/mcp/crm/main.go:1790.2,1790.17 1 6
github.com/apteva/apps/mcp/crm/main.go:1793.82,1795.16 2 1
github.com/apteva/apps/mcp/crm/main.go:1795.16,1797.3 1 0
github.com/apteva/apps/mcp/crm/main.go:1798.2,1800.38 3 1
github.com/apteva/apps/mcp/crm/main.go:1800.38,1802.3 1 0
github.com/apteva/apps/mcp/crm/main.go:1803.2,1805.16 3 1
github.com/apteva/apps/mcp/crm/main.go:1805.16,1807.3 1 0
github.com/apteva/apps/mcp/crm/main.go:1808.2,1808.78 1 1
github.com/apteva/apps/mcp/crm/main.go:1811.76,1813.16 2 1
github.com/apteva/apps/mcp/crm/main.go:1813.16,1815.3 1 0
github.com/apteva/apps/mcp/crm/main.go:1816.2,1818.50 3 1
github.com/apteva/apps/mcp/crm/main.go:1818.50,1820.3 1 0
github.com/apteva/apps/mcp/crm/main.go:1821.2,1823.80 3 1
github.com/apteva/apps/mcp/crm/main.go:1823.80,1825.3 1 0
github.com/apteva/apps/mcp/crm/main.go:1826.2,1826.16 1 1
github.com/apteva/apps/mcp/crm/main.go:1826.16,1830.3 1 1
github.com/apteva/apps/mcp/crm/main.go:1831.2,1831.84 1 1
github.com/apteva/apps/mcp/crm/main.go:1838.66,1839.28 1 102
github.com/apteva/apps/mcp/crm/main.go:1839.28,1841.3 1 0
github.com/apteva/apps/mcp/crm/main.go:1842.2,1849.30 2 102
github.com/apteva/apps/mcp/crm/main.go:1849.30,1854.17 3 91
github.com/apteva/apps/mcp/crm/main.go:1854.17,1856.4 1 0
github.com/apteva/apps/mcp/crm/main.go:1856.9,1857.31 1 91
github.com/apteva/apps/mcp/crm/main.go:1857.31,1859.5 1 8
github.com/apteva/apps/mcp/crm/main.go:1861.3,1861.32 1 91
github.com/apteva/apps/mcp/crm/main.go:1863.2,1863.40 1 102
github.com/apteva/apps/mcp/crm/main.go:1870.114,1873.45 3 6
github.com/apteva/apps/mcp/crm/main.go:1873.45,1875.3 1 0
github.com/apteva/apps/mcp/crm/main.go:1876.2,1876.46 1 6
github.com/apteva/apps/mcp/crm/main.go:1876.46,1878.3 1 3
github.com/apteva/apps/mcp/crm/main.go:1879.2,1880.27 2 6
github.com/apteva/apps/mcp/crm/main.go:1880.27,1882.15 2 3
github.com/apteva/apps/mcp/crm/main.go:1882.15,1883.12 1 0
github.com/apteva/apps/mcp/crm/main.go:1885.3,1885.75 1 3
github.com/apteva/apps/mcp/crm/main.go:1885.75,1888.4 2 3
github.com/apteva/apps/mcp/crm/main.go:1890.2,1890.16 1 6
github.com/apteva/apps/mcp/crm/main.go:1893.82,1894.16 1 81
github.com/apteva/apps/mcp/crm/main.go:1894.16,1896.3 1 0
github.com/apteva/apps/mcp/crm/main.go:1897.2,1897.33 1 81
github.com/apteva/apps/mcp/crm/main.go:1897.33,1899.3 1 5
github.com/apteva/apps/mcp/crm/main.go:1902.89,1904.45 2 196
github.com/apteva/apps/mcp/crm/main.go:1904.45,1905.30 1 5
github.com/apteva/apps/mcp/crm/main.go:1906.14,1907.33 1 5
github.com/apteva/apps/mcp/crm/main.go:1908.16,1909.31 1 0
github.com/apteva/apps/mcp/crm/main.go:1909.31,1911.5 1 0
github.com/apteva/apps/mcp/crm/main.go:1912.17,1913.31 1 0
github.com/apteva/apps/mcp/crm/main.go:1913.31,1915.5 1 0
github.com/apteva/apps/mcp/crm/main.go:1916.11,1917.88 1 0
github.com/apteva/apps/mcp/crm/main.go:1920.2,1920.58 1 196
github.com/apteva/apps/mcp/crm/main.go:1920.58,1922.3 1 5
github.com/apteva/apps/mcp/crm/main.go:1924.2,1926.27 3 196
github.com/apteva/apps/mcp/crm/main.go:1926.27,1928.17 2 15
github.com/apteva/apps/mcp/crm/main.go:1928.17,1930.4 1 1
github.com/apteva/apps/mcp/crm/main.go:1931.3,1931.16 1 14
github.com/apteva/apps/mcp/crm/main.go:1931.16,1934.4 2 14
github.com/apteva/apps/mcp/crm/main.go:1936.2,1936.17 1 195
github.com/apteva/apps/mcp/crm/main.go:1939.75,1941.29 2 15
github.com/apteva/apps/mcp/crm/main.go:1942.15,1944.38 2 8
github.com/apteva/apps/mcp/crm/main.go:1944.38,1946.4 1 0
github.com/apteva/apps/mcp/crm/main.go:1947.11,1948.20 1 0
github.com/apteva/apps/mcp/crm/main.go:1949.13,1950.13 1 5
github.com/apteva/apps/mcp/crm/main.go:1951.14,1953.18 2 2
github.com/apteva/apps/mcp/crm/main.go:1953.18,1955.4 1 0
github.com/apteva/apps/mcp/crm/main.go:1956.3,1956.65 1 2
github.com/apteva/apps/mcp/crm/main.go:1956.65,1958.4 1 0
github.com/apteva/apps/mcp/crm/main.go:1958.9,1960.18 2 2
github.com/apteva/apps/mcp/crm/main.go:1960.18,1962.5 1 0
github.com/apteva/apps/mcp/crm/main.go:1963.4,1963.44 1 2
github.com/apteva/apps/mcp/crm/main.go:1963.44,1965.5 1 0
github.com/apteva/apps/mcp/crm/main.go:1966.4,1966.23 1 2
github.com/apteva/apps/mcp/crm/main.go:1968.10,1969.64 1 0
github.com/apteva/apps/mcp/crm/main.go:1971.2,1971.13 1 13
github.com/apteva/apps/mcp/crm/main.go:1971.13,1973.3 1 0
github.com/apteva/apps/mcp/crm/main.go:1974.2,1975.16 2 13
github.com/apteva/apps/mcp/crm/main.go:1975.16,1977.3 1 0
github.com/apteva/apps/mcp/crm/main.go:1978.2,1978.42 1 13
github.com/apteva/apps/mcp/crm/main.go:1978.42,1980.3 1 1
github.com/apteva/apps/mcp/crm/main.go:1981.2,1981.21 1 12
github.com/apteva/apps/mcp/crm/main.go:1987.60,1989.25 2 3
github.com/apteva/apps/mcp/crm/main.go:1990.15,1991.16 1 1
github.com/apteva/apps/mcp/crm/main.go:1992.11,1993.16 1 0
github.com/apteva/apps/mcp/crm/main.go:1994.13,1995.9 1 0
github.com/apteva/apps/mcp/crm/main.go:1996.14,1998.14 2 2
github.com/apteva/apps/mcp/crm/main.go:1998.14,2000.4 1 0
github.com/apteva/apps/mcp/crm/main.go:2001.3,2001.56 1 2
github.com/apteva/apps/mcp/crm/main.go:2001.56,2003.4 1 0
github.com/apteva/apps/mcp/crm/main.go:2003.9,2003.56 1 2
github.com/apteva/apps/mcp/crm/main.go:2003.56,2005.4 1 2
github.com/apteva/apps/mcp/crm/main.go:2005.9,2007.4 1 0
github.com/apteva/apps/mcp/crm/main.go:2008.10,2009.11 1 0
github.com/apteva/apps/mcp/crm/main.go:2011.2,2011.13 1 1
github.com/apteva/apps/mcp/crm/main.go:2011.13,2013.3 1 0
github.com/apteva/apps/mcp/crm/main.go:2014.2,2014.46 1 1
github.com/apteva/apps/mcp/crm/main.go:2014.46,2016.3 1 1
github.com/apteva/apps/mcp/crm/main.go:2017.2,2017.10 1 0
github.com/apteva/apps/mcp/crm/main.go:2020.82,2022.16 2 4
github.com/apteva/apps/mcp/crm/main.go:2022.16,2024.3 1 0
github.com/apteva/apps/mcp/crm/main.go:2025.2,2028.42 4 4
github.com/apteva/apps/mcp/crm/main.go:2028.42,2030.3 1 0
github.com/apteva/apps/mcp/crm/main.go:2031.2,2032.20 2 4
github.com/apteva/apps/mcp/crm/main.go:2032.20,2034.3 1 0
github.com/apteva/apps/mcp/crm/main.go:2035.2,2037.16 3 4
github.com/apteva/apps/mcp/crm/main.go:2037.16,2039.3 1 0
github.com/apteva/apps/mcp/crm/main.go:2040.2,2040.16 1 4
github.com/apteva/apps/mcp/crm/main.go:2040.16,2048.3 1 4
github.com/apteva/apps/mcp/crm/main.go:2049.2,2049.45 1 4
github.com/apteva/apps/mcp/crm/main.go:2052.83,2054.16 2 2
github.com/apteva/apps/mcp/crm/main.go:2054.16,2056.3 1 0
github.com/apteva/apps/mcp/crm/main.go:2057.2,2059.27 3 2
github.com/apteva/apps/mcp/crm/main.go:2059.27,2061.3 1 0
github.com/apteva/apps/mcp/crm/main.go:2062.2,2063.90 2 2
github.com/apteva/apps/mcp/crm/main.go:2063.90,2065.3 1 1
github.com/apteva/apps/mcp/crm/main.go:2066.2,2066.40 1 1
github.com/apteva/apps/mcp/crm/main.go:2069.86,2071.16 2 7
github.com/apteva/apps/mcp/crm/main.go:2071.16,2073.3 1 0
github.com/apteva/apps/mcp/crm/main.go:2074.2,2077.43 4 7
github.com/apteva/apps/mcp/crm/main.go:2077.43,2079.3 1 0
github.com/apteva/apps/mcp/crm/main.go:2080.2,2084.16 5 7
github.com/apteva/apps/mcp/crm/main.go:2084.16,2086.3 1 0
github.com/apteva/apps/mcp/crm/main.go:2087.2,2087.50 1 7
github.com/apteva/apps/mcp/crm/main.go:2092.72,2095.16 3 0
github.com/apteva/apps/mcp/crm/main.go:2095.16,2098.3 2 0
github.com/apteva/apps/mcp/crm/main.go:2099.2,2101.31 3 0
github.com/apteva/apps/mcp/crm/main.go:2101.31,2103.3 1 0
github.com/apteva/apps/mcp/crm/main.go:2104.2,2109.52 3 0
github.com/apteva/apps/mcp/crm/main.go:2109.52,2110.63 1 0
github.com/apteva/apps/mcp/crm/main.go:2110.63,2113.4 2 0
github.com/apteva/apps/mcp/crm/main.go:2115.2,2116.16 2 0
github.com/apteva/apps/mcp/crm/main.go:2116.16,2119.3 2 0
github.com/apteva/apps/mcp/crm/main.go:2120.2,2121.16 2 0
github.com/apteva/apps/mcp/crm/main.go:2121.16,2124.3 2 0
github.com/apteva/apps/mcp/crm/main.go:2125.2,2125.81 1 0
github.com/apteva/apps/mcp/crm/main.go:2128.72,2131.16 3 1
github.com/apteva/apps/mcp/crm/main.go:2131.16,2134.3 2 0
github.com/apteva/apps/mcp/crm/main.go:2135.2,2136.52 2 1
github.com/apteva/apps/mcp/crm/main.go:2136.52,2139.3 2 0
github.com/apteva/apps/mcp/crm/main.go:2140.2,2141.16 2 1
github.com/apteva/apps/mcp/crm/main.go:2141.16,2144.3 2 0
github.com/apteva/apps/mcp/crm/main.go:2145.2,2146.16 2 1
github.com/apteva/apps/mcp/crm/main.go:2146.16,2149.3 2 1
github.com/apteva/apps/mcp/crm/main.go:2150.2,2153.22 4 0
github.com/apteva/apps/mcp/crm/main.go:2153.22,2155.3 1 0
github.com/apteva/apps/mcp/crm/main.go:2156.2,2156.18 1 0
github.com/apteva/apps/mcp/crm/main.go:2160.76,2163.16 3 0
github.com/apteva/apps/mcp/crm/main.go:2163.16,2166.3 2 0
github.com/apteva/apps/mcp/crm/main.go:2167.2,2170.13 4 0
github.com/apteva/apps/mcp/crm/main.go:2170.13,2173.3 2 0
github.com/apteva/apps/mcp/crm/main.go:2174.2,2174.49 1 0
github.com/apteva/apps/mcp/crm/main.go:2174.49,2176.17 2 0
github.com/apteva/apps/mcp/crm/main.go:2176.17,2179.4 2 0
github.com/apteva/apps/mcp/crm/main.go:2180.3,2181.9 2 0
github.com/apteva/apps/mcp/crm/main.go:2183.2,2184.16 2 0
github.com/apteva/apps/mcp/crm/main.go:2184.16,2187.3 2 0
github.com/apteva/apps/mcp/crm/main.go:2188.2,2188.14 1 0
github.com/apteva/apps/mcp/crm/main.go:2188.14,2191.3 2 0
github.com/apteva/apps/mcp/crm/main.go:2192.2,2196.43 5 0
github.com/apteva/apps/mcp/crm/main.go:2199.72,2202.16 3 2
github.com/apteva/apps/mcp/crm/main.go:2202.16,2205.3 2 0
github.com/apteva/apps/mcp/crm/main.go:2206.2,2207.13 2 2
github.com/apteva/apps/mcp/crm/main.go:2207.13,2210.3 2 0
github.com/apteva/apps/mcp/crm/main.go:2211.2,2212.53 2 2
github.com/apteva/apps/mcp/crm/main.go:2212.53,2215.3 2 0
github.com/apteva/apps/mcp/crm/main.go:2216.2,2219.16 4 2
github.com/apteva/apps/mcp/crm/main.go:2219.16,2222.3 2 0
github.com/apteva/apps/mcp/crm/main.go:2223.2,2224.81 2 2
github.com/apteva/apps/mcp/crm/main.go:2227.74,2229.32 2 1
github.com/apteva/apps/mcp/crm/main.go:2229.32,2237.3 4 1
github.com/apteva/apps/mcp/crm/main.go:2238.2,2238.35 1 0
github.com/apteva/apps/mcp/crm/main.go:2238.35,2241.3 2 0
github.com/apteva/apps/mcp/crm/main.go:2242.2,2242.57 1 0
github.com/apteva/apps/mcp/crm/main.go:2245.77,2246.33 1 1
github.com/apteva/apps/mcp/crm/main.go:2246.33,2249.3 2 0
github.com/apteva/apps/mcp/crm/main.go:2250.2,2252.16 3 1
github.com/apteva/apps/mcp/crm/main.go:2252.16,2255.3 2 0
github.com/apteva/apps/mcp/crm/main.go:2256.2,2257.71 2 1
github.com/apteva/apps/mcp/crm/main.go:2257.71,2260.3 2 0
github.com/apteva/apps/mcp/crm/main.go:2261.2,2263.38 3 1
github.com/apteva/apps/mcp/crm/main.go:2263.38,2266.3 2 0
github.com/apteva/apps/mcp/crm/main.go:2267.2,2270.43 2 1
github.com/apteva/apps/mcp/crm/main.go:2270.43,2271.53 1 1
github.com/apteva/apps/mcp/crm/main.go:2271.53,2274.4 2 0
github.com/apteva/apps/mcp/crm/main.go:2276.2,2277.16 2 1
github.com/apteva/apps/mcp/crm/main.go:2277.16,2278.36 1 0
github.com/apteva/apps/mcp/crm/main.go:2278.36,2280.4 1 0
github.com/apteva/apps/mcp/crm/main.go:2280.9,2282.4 1 0
github.com/apteva/apps/mcp/crm/main.go:2283.3,2283.9 1 0
github.com/apteva/apps/mcp/crm/main.go:2285.2,2285.79 1 1
github.com/apteva/apps/mcp/crm/main.go:2288.73,2291.16 3 0
github.com/apteva/apps/mcp/crm/main.go:2291.16,2294.3 2 0
github.com/apteva/apps/mcp/crm/main.go:2295.2,2296.13 2 0
github.com/apteva/apps/mcp/crm/main.go:2296.13,2299.3 2 0
github.com/apteva/apps/mcp/crm/main.go:2300.2,2302.59 1 0
github.com/apteva/apps/mcp/crm/main.go:2302.59,2305.3 2 0
github.com/apteva/apps/mcp/crm/main.go:2306.2,2306.16 1 0
github.com/apteva/apps/mcp/crm/main.go:2306.16,2308.3 1 0
github.com/apteva/apps/mcp/crm/main.go:2309.2,2309.47 1 0
github.com/apteva/apps/mcp/crm/main.go:2312.78,2315.16 3 0
github.com/apteva/apps/mcp/crm/main.go:2315.16,2318.3 2 0
github.com/apteva/apps/mcp/crm/main.go:2319.2,2320.16 2 0
github.com/apteva/apps/mcp/crm/main.go:2320.16,2323.3 2 0
github.com/apteva/apps/mcp/crm/main.go:2324.2,2324.53 1 0
github.com/apteva/apps/mcp/crm/main.go:2327.79,2330.16 3 0
github.com/apteva/apps/mcp/crm/main.go:2330.16,2333.3 2 0
github.com/apteva/apps/mcp/crm/main.go:2334.2,2335.52 2 0
github.com/apteva/apps/mcp/crm/main.go:2335.52,2338.3 2 0
github.com/apteva/apps/mcp/crm/main.go:2339.2,2342.43 4 0
github.com/apteva/apps/mcp/crm/main.go:2342.43,2345.3 2 0
github.com/apteva/apps/mcp/crm/main.go:2346.2,2350.16 5 0
github.com/apteva/apps/mcp/crm/main.go:2350.16,2353.3 2 0
github.com/apteva/apps/mcp/crm/main.go:2354.2,2354.51 1 0
github.com/apteva/apps/mcp/crm/main.go:2364.62,2366.13 2 112
github.com/apteva/apps/mcp/crm/main.go:2366.13,2368.3 1 108
github.com/apteva/apps/mcp/crm/main.go:2369.2,2370.29 2 4
github.com/apteva/apps/mcp/crm/main.go:2371.13,2372.17 1 4
github.com/apteva/apps/mcp/crm/main.go:2373.16,2375.24 2 0
github.com/apteva/apps/mcp/crm/main.go:2375.24,2377.4 1 0
github.com/apteva/apps/mcp/crm/main.go:2378.10,2379.83 1 0
github.com/apteva/apps/mcp/crm/main.go:2381.2,2383.32 3 4
github.com/apteva/apps/mcp/crm/main.go:2383.32,2386.23 3 5
github.com/apteva/apps/mcp/crm/main.go:2386.23,2388.4 1 0
github.com/apteva/apps/mcp/crm/main.go:2389.3,2389.17 1 5
github.com/apteva/apps/mcp/crm/main.go:2389.17,2392.4 2 5
github.com/apteva/apps/mcp/crm/main.go:2394.2,2394.17 1 4
github.com/apteva/apps/mcp/crm/main.go:2397.78,2399.2 1 11
github.com/apteva/apps/mcp/crm/main.go:2401.154,2418.45 3 112
github.com/apteva/apps/mcp/crm/main.go:2418.45,2419.60 1 73
github.com/apteva/apps/mcp/crm/main.go:2419.60,2421.4 1 0
github.com/apteva/apps/mcp/crm/main.go:2423.2,2424.16 2 112
github.com/apteva/apps/mcp/crm/main.go:2424.16,2426.3 1 0
github.com/apteva/apps/mcp/crm/main.go:2427.2,2428.16 2 112
github.com/apteva/apps/mcp/crm/main.go:2428.16,2430.3 1 1
github.com/apteva/apps/mcp/crm/main.go:2431.2,2432.16 2 111
github.com/apteva/apps/mcp/crm/main.go:2432.16,2434.3 1 0
github.com/apteva/apps/mcp/crm/main.go:2436.2,2437.16 2 111
github.com/apteva/apps/mcp/crm/main.go:2437.16,2439.3 1 0
github.com/apteva/apps/mcp/crm/main.go:2440.2,2448.16 3 111
github.com/apteva/apps/mcp/crm/main.go:2448.16,2450.3 1 0
github.com/apteva/apps/mcp/crm/main.go:2451.2,2452.16 2 111
github.com/apteva/apps/mcp/crm/main.go:2452.16,2454.3 1 0
github.com/apteva/apps/mcp/crm/main.go:2455.2,2459.45 3 111
github.com/apteva/apps/mcp/crm/main.go:2459.45,2460.99 1 72
github.com/apteva/apps/mcp/crm/main.go:2460.99,2462.4 1 0
github.com/apteva/apps/mcp/crm/main.go:2466.2,2466.28 1 111
github.com/apteva/apps/mcp/crm/main.go:2466.28,2470.17 1 4
github.com/apteva/apps/mcp/crm/main.go:2470.17,2472.4 1 0
github.com/apteva/apps/mcp/crm/main.go:2478.2,2478.85 1 111
github.com/apteva/apps/mcp/crm/main.go:2478.85,2480.3 1 1
github.com/apteva/apps/mcp/crm/main.go:2485.2,2485.33 1 110
github.com/apteva/apps/mcp/crm/main.go:2485.33,2492.17 2 5
github.com/apteva/apps/mcp/crm/main.go:2492.17,2494.4 1 0
github.com/apteva/apps/mcp/crm/main.go:2495.3,2496.17 2 5
github.com/apteva/apps/mcp/crm/main.go:2496.17,2498.4 1 0
github.com/apteva/apps/mcp/crm/main.go:2499.3,2499.20 1 5
github.com/apteva/apps/mcp/crm/main.go:2499.20,2501.4 1 0
github.com/apteva/apps/mcp/crm/main.go:2504.2,2504.36 1 110
github.com/apteva/apps/mcp/crm/main.go:2504.36,2506.3 1 0
github.com/apteva/apps/mcp/crm/main.go:2508.2,2509.32 2 110
github.com/apteva/apps/mcp/crm/main.go:2509.32,2510.17 1 0
github.com/apteva/apps/mcp/crm/main.go:2510.17,2512.4 1 0
github.com/apteva/apps/mcp/crm/main.go:2513.3,2513.18 1 0
github.com/apteva/apps/mcp/crm/main.go:2515.2,2515.19 1 110
github.com/apteva/apps/mcp/crm/main.go:2518.68,2525.26 2 179
github.com/apteva/apps/mcp/crm/main.go:2525.26,2527.3 1 0
github.com/apteva/apps/mcp/crm/main.go:2528.2,2528.15 1 179
github.com/apteva/apps/mcp/crm/main.go:2531.73,2539.16 5 195
github.com/apteva/apps/mcp/crm/main.go:2539.16,2541.3 1 0
github.com/apteva/apps/mcp/crm/main.go:2542.2,2553.19 12 195
github.com/apteva/apps/mcp/crm/main.go:2553.19,2556.3 2 0
github.com/apteva/apps/mcp/crm/main.go:2557.2,2557.15 1 195
github.com/apteva/apps/mcp/crm/main.go:2560.83,2561.41 1 11
github.com/apteva/apps/mcp/crm/main.go:2561.41,2563.3 1 11
github.com/apteva/apps/mcp/crm/main.go:2564.2,2564.53 1 0
github.com/apteva/apps/mcp/crm/main.go:2564.53,2566.3 1 0
github.com/apteva/apps/mcp/crm/main.go:2567.2,2567.53 1 0
github.com/apteva/apps/mcp/crm/main.go:2567.53,2569.3 1 0
github.com/apteva/apps/mcp/crm/main.go:2570.2,2570.56 1 0
github.com/apteva/apps/mcp/crm/main.go:2573.76,2575.21 2 26
github.com/apteva/apps/mcp/crm/main.go:2575.21,2577.3 1 6
github.com/apteva/apps/mcp/crm/main.go:2578.2,2582.38 3 26
github.com/apteva/apps/mcp/crm/main.go:2582.38,2583.27 1 20
github.com/apteva/apps/mcp/crm/main.go:2583.27,2590.40 2 20
github.com/apteva/apps/mcp/crm/main.go:2590.40,2591.29 1 20
github.com/apteva/apps/mcp/crm/main.go:2591.29,2593.6 1 20
github.com/apteva/apps/mcp/crm/main.go:2594.5,2594.20 1 0
github.com/apteva/apps/mcp/crm/main.go:2596.9,2598.4 1 0
github.com/apteva/apps/mcp/crm/main.go:2600.2,2601.28 2 6
github.com/apteva/apps/mcp/crm/main.go:2601.28,2603.3 1 0
github.com/apteva/apps/mcp/crm/main.go:2604.2,2606.15 3 6
github.com/apteva/apps/mcp/crm/main.go:2612.78,2616.39 3 29
github.com/apteva/apps/mcp/crm/main.go:2616.39,2630.3 3 10
github.com/apteva/apps/mcp/crm/main.go:2632.2,2632.28 1 29
github.com/apteva/apps/mcp/crm/main.go:2632.28,2634.10 2 18
github.com/apteva/apps/mcp/crm/main.go:2634.10,2635.12 1 0
github.com/apteva/apps/mcp/crm/main.go:2637.3,2641.66 2 18
github.com/apteva/apps/mcp/crm/main.go:2641.66,2643.18 2 6
github.com/apteva/apps/mcp/crm/main.go:2643.18,2645.5 1 0
github.com/apteva/apps/mcp/crm/main.go:2646.4,2648.12 3 6
github.com/apteva/apps/mcp/crm/main.go:2650.3,2650.85 1 12
github.com/apteva/apps/mcp/crm/main.go:2650.85,2652.18 2 4
github.com/apteva/apps/mcp/crm/main.go:2652.18,2654.5 1 0
github.com/apteva/apps/mcp/crm/main.go:2655.4,2657.12 3 4
github.com/apteva/apps/mcp/crm/main.go:2659.3,2661.17 3 8
github.com/apteva/apps/mcp/crm/main.go:2661.17,2663.4 1 0
github.com/apteva/apps/mcp/crm/main.go:2664.3,2665.33 2 8
github.com/apteva/apps/mcp/crm/main.go:2667.2,2667.25 1 29
github.com/apteva/apps/mcp/crm/main.go:2672.75,2674.16 2 14
github.com/apteva/apps/mcp/crm/main.go:2674.16,2676.3 1 0
github.com/apteva/apps/mcp/crm/main.go:2677.2,2679.15 3 14
github.com/apteva/apps/mcp/crm/main.go:2682.96,2684.16 2 15
github.com/apteva/apps/mcp/crm/main.go:2684.16,2686.3 1 0
github.com/apteva/apps/mcp/crm/main.go:2687.2,2687.16 1 15
github.com/apteva/apps/mcp/crm/main.go:2687.16,2689.3 1 0
github.com/apteva/apps/mcp/crm/main.go:2691.2,2698.16 4 15
github.com/apteva/apps/mcp/crm/main.go:2698.16,2700.3 1 0
github.com/apteva/apps/mcp/crm/main.go:2701.2,2703.18 3 15
github.com/apteva/apps/mcp/crm/main.go:2703.18,2705.17 2 16
github.com/apteva/apps/mcp/crm/main.go:2705.17,2707.4 1 0
github.com/apteva/apps/mcp/crm/main.go:2708.3,2708.23 1 16
github.com/apteva/apps/mcp/crm/main.go:2710.2,2710.35 1 15
github.com/apteva/apps/mcp/crm/main.go:2710.35,2712.3 1 0
github.com/apteva/apps/mcp/crm/main.go:2713.2,2713.17 1 15
github.com/apteva/apps/mcp/crm/main.go:2720.86,2721.14 1 6
github.com/apteva/apps/mcp/crm/main.go:2721.14,2723.3 1 0
github.com/apteva/apps/mcp/crm/main.go:2724.2,2725.16 2 6
github.com/apteva/apps/mcp/crm/main.go:2725.16,2727.3 1 0
github.com/apteva/apps/mcp/crm/main.go:2728.2,2729.16 2 6
github.com/apteva/apps/mcp/crm/main.go:2729.16,2731.3 1 0
github.com/apteva/apps/mcp/crm/main.go:2732.2,2736.56 2 6
github.com/apteva/apps/mcp/crm/main.go:2739.87,2741.17 2 4
github.com/apteva/apps/mcp/crm/main.go:2741.17,2743.3 1 0
github.com/apteva/apps/mcp/crm/main.go:2744.2,2744.14 1 4
github.com/apteva/apps/mcp/crm/main.go:2745.17,2748.27 1 2
github.com/apteva/apps/mcp/crm/main.go:2749.21,2752.27 1 2
github.com/apteva/apps/mcp/crm/main.go:2754.2,2754.58 1 0
github.com/apteva/apps/mcp/crm/main.go:2760.74,2768.21 2 8
github.com/apteva/apps/mcp/crm/main.go:2768.21,2770.3 1 0
github.com/apteva/apps/mcp/crm/main.go:2771.2,2771.28 1 8
github.com/apteva/apps/mcp/crm/main.go:2771.28,2772.13 1 4
github.com/apteva/apps/mcp/crm/main.go:2773.17,2774.67 1 0
github.com/apteva/apps/mcp/crm/main.go:2775.14,2776.68 1 0
github.com/apteva/apps/mcp/crm/main.go:2777.13,2778.67 1 0
github.com/apteva/apps/mcp/crm/main.go:2779.14,2780.68 1 2
github.com/apteva/apps/mcp/crm/main.go:2781.13,2782.67 1 2
github.com/apteva/apps/mcp/crm/main.go:2783.14,2784.68 1 0
github.com/apteva/apps/mcp/crm/main.go:2785.18,2786.39 1 0
github.com/apteva/apps/mcp/crm/main.go:2789.2,2789.12 1 4
github.com/apteva/apps/mcp/crm/main.go:2790.16,2791.41 1 4
github.com/apteva/apps/mcp/crm/main.go:2792.13,2793.42 1 0
github.com/apteva/apps/mcp/crm/main.go:2794.12,2795.41 1 0
github.com/apteva/apps/mcp/crm/main.go:2796.13,2797.42 1 0
github.com/apteva/apps/mcp/crm/main.go:2798.12,2799.41 1 0
github.com/apteva/apps/mcp/crm/main.go:2800.13,2801.42 1 0
github.com/apteva/apps/mcp/crm/main.go:2802.18,2803.68 1 0
github.com/apteva/apps/mcp/crm/main.go:2804.21,2805.62 1 0
github.com/apteva/apps/mcp/crm/main.go:2806.17,2807.38 1 0
github.com/apteva/apps/mcp/crm/main.go:2808.12,2810.27 2 0
github.com/apteva/apps/mcp/crm/main.go:2810.27,2812.4 1 0
github.com/apteva/apps/mcp/crm/main.go:2813.3,2815.56 3 0
github.com/apteva/apps/mcp/crm/main.go:2817.2,2817.49 1 0
github.com/apteva/apps/mcp/crm/main.go:2820.41,2821.15 1 8
github.com/apteva/apps/mcp/crm/main.go:2822.73,2823.14 1 4
github.com/apteva/apps/mcp/crm/main.go:2824.10,2825.15 1 4
github.com/apteva/apps/mcp/crm/main.go:2829.104,2831.2 1 0
github.com/apteva/apps/mcp/crm/main.go:2833.180,2846.25 3 11
github.com/apteva/apps/mcp/crm/main.go:2846.25,2848.3 1 132
github.com/apteva/apps/mcp/crm/main.go:2849.2,2849.23 1 11
github.com/apteva/apps/mcp/crm/main.go:2849.23,2850.16 1 13
github.com/apteva/apps/mcp/crm/main.go:2850.16,2852.4 1 1
github.com/apteva/apps/mcp/crm/main.go:2855.2,2856.46 2 10
github.com/apteva/apps/mcp/crm/main.go:2856.46,2858.17 2 6
github.com/apteva/apps/mcp/crm/main.go:2858.17,2860.4 1 0
github.com/apteva/apps/mcp/crm/main.go:2861.3,2861.20 1 6
github.com/apteva/apps/mcp/crm/main.go:2863.2,2864.16 2 10
github.com/apteva/apps/mcp/crm/main.go:2864.16,2866.3 1 1
github.com/apteva/apps/mcp/crm/main.go:2868.2,2869.16 2 9
github.com/apteva/apps/mcp/crm/main.go:2869.16,2871.3 1 0
github.com/apteva/apps/mcp/crm/main.go:2872.2,2876.26 4 9
github.com/apteva/apps/mcp/crm/main.go:2876.26,2877.18 1 11
github.com/apteva/apps/mcp/crm/main.go:2877.18,2878.12 1 7
github.com/apteva/apps/mcp/crm/main.go:2880.3,2881.25 2 4
github.com/apteva/apps/mcp/crm/main.go:2883.2,2883.19 1 9
github.com/apteva/apps/mcp/crm/main.go:2883.19,2886.19 3 4
github.com/apteva/apps/mcp/crm/main.go:2886.19,2889.4 2 3
github.com/apteva/apps/mcp/crm/main.go:2890.3,2893.25 2 4
github.com/apteva/apps/mcp/crm/main.go:2893.25,2895.4 1 0
github.com/apteva/apps/mcp/crm/main.go:2902.2,2902.83 1 9
github.com/apteva/apps/mcp/crm/main.go:2902.83,2904.3 1 0
github.com/apteva/apps/mcp/crm/main.go:2905.2,2905.36 1 9
github.com/apteva/apps/mcp/crm/main.go:2905.36,2906.98 1 6
github.com/apteva/apps/mcp/crm/main.go:2906.98,2908.4 1 0
github.com/apteva/apps/mcp/crm/main.go:2910.2,2910.36 1 9
github.com/apteva/apps/mcp/crm/main.go:2910.36,2912.3 1 0
github.com/apteva/apps/mcp/crm/main.go:2913.2,2914.28 2 9
github.com/apteva/apps/mcp/crm/main.go:2914.28,2916.3 1 0
github.com/apteva/apps/mcp/crm/main.go:2917.2,2919.15 3 9
github.com/apteva/apps/mcp/crm/main.go:2922.96,2924.16 2 0
github.com/apteva/apps/mcp/crm/main.go:2924.16,2926.3 1 0
github.com/apteva/apps/mcp/crm/main.go:2927.2,2928.83 2 0
github.com/apteva/apps/mcp/crm/main.go:2928.83,2930.3 1 0
github.com/apteva/apps/mcp/crm/main.go:2931.2,2931.20 1 0
github.com/apteva/apps/mcp/crm/main.go:2941.58,2943.9 2 163
github.com/apteva/apps/mcp/crm/main.go:2943.9,2945.3 1 0
github.com/apteva/apps/mcp/crm/main.go:2946.2,2949.27 4 163
github.com/apteva/apps/mcp/crm/main.go:2949.27,2951.10 2 176
github.com/apteva/apps/mcp/crm/main.go:2951.10,2953.4 1 0
github.com/apteva/apps/mcp/crm/main.go:2954.3,2956.32 3 176
github.com/apteva/apps/mcp/crm/main.go:2956.32,2958.4 1 0
github.com/apteva/apps/mcp/crm/main.go:2959.3,2960.30 2 176
github.com/apteva/apps/mcp/crm/main.go:2960.30,2962.4 1 0
github.com/apteva/apps/mcp/crm/main.go:2963.3,2971.19 3 176
github.com/apteva/apps/mcp/crm/main.go:2971.19,2972.28 1 162
github.com/apteva/apps/mcp/crm/main.go:2972.28,2974.5 1 0
github.com/apteva/apps/mcp/crm/main.go:2975.4,2975.31 1 162
github.com/apteva/apps/mcp/crm/main.go:2977.3,2977.34 1 176
github.com/apteva/apps/mcp/crm/main.go:2979.2,2979.26 1 163
github.com/apteva/apps/mcp/crm/main.go:2979.26,2980.40 1 176
github.com/apteva/apps/mcp/crm/main.go:2980.40,2983.4 2 5
github.com/apteva/apps/mcp/crm/main.go:2985.2,2985.22 1 163
github.com/apteva/apps/mcp/crm/main.go:2988.150,2990.16 2 72
github.com/apteva/apps/mcp/crm/main.go:2990.16,2992.3 1 0
github.com/apteva/apps/mcp/crm/main.go:2993.2,2993.88 1 72
github.com/apteva/apps/mcp/crm/main.go:2996.172,2999.30 3 78
github.com/apteva/apps/mcp/crm/main.go:2999.30,3002.3 2 85
github.com/apteva/apps/mcp/crm/main.go:3003.2,3007.16 2 78
github.com/apteva/apps/mcp/crm/main.go:3007.16,3009.3 1 0
github.com/apteva/apps/mcp/crm/main.go:3010.2,3011.18 2 78
github.com/apteva/apps/mcp/crm/main.go:3011.18,3014.55 3 8
github.com/apteva/apps/mcp/crm/main.go:3014.55,3017.4 2 0
github.com/apteva/apps/mcp/crm/main.go:3018.3,3018.35 1 8
github.com/apteva/apps/mcp/crm/main.go:3020.2,3020.37 1 78
github.com/apteva/apps/mcp/crm/main.go:3020.37,3022.3 1 0
github.com/apteva/apps/mcp/crm/main.go:3023.2,3023.32 1 78
github.com/apteva/apps/mcp/crm/main.go:3023.32,3024.18 1 8
github.com/apteva/apps/mcp/crm/main.go:3024.18,3025.12 1 6
github.com/apteva/apps/mcp/crm/main.go:3027.3,3027.139 1 2
github.com/apteva/apps/mcp/crm/main.go:3027.139,3029.4 1 0
github.com/apteva/apps/mcp/crm/main.go:3031.2,3032.30 2 78
github.com/apteva/apps/mcp/crm/main.go:3032.30,3034.34 2 85
github.com/apteva/apps/mcp/crm/main.go:3034.34,3039.18 1 6
github.com/apteva/apps/mcp/crm/main.go:3039.18,3041.5 1 0
github.com/apteva/apps/mcp/crm/main.go:3042.9,3044.26 2 79
github.com/apteva/apps/mcp/crm/main.go:3044.26,3046.5 1 60
github.com/apteva/apps/mcp/crm/main.go:3047.4,3058.18 1 79
github.com/apteva/apps/mcp/crm/main.go:3058.18,3060.5 1 0
github.com/apteva/apps/mcp/crm/main.go:3062.3,3062.19 1 85
github.com/apteva/apps/mcp/crm/main.go:3062.19,3063.19 1 81
github.com/apteva/apps/mcp/crm/main.go:3064.17,3065.27 1 62
github.com/apteva/apps/mcp/crm/main.go:3065.27,3067.6 1 62
github.com/apteva/apps/mcp/crm/main.go:3068.17,3069.27 1 19
github.com/apteva/apps/mcp/crm/main.go:3069.27,3071.6 1 19
github.com/apteva/apps/mcp/crm/main.go:3075.2,3076.45 2 78
github.com/apteva/apps/mcp/crm/main.go:3076.45,3078.3 1 62
github.com/apteva/apps/mcp/crm/main.go:3079.2,3079.45 1 78
github.com/apteva/apps/mcp/crm/main.go:3079.45,3081.3 1 19
github.com/apteva/apps/mcp/crm/main.go:3082.2,3088.12 2 78
github.com/apteva/apps/mcp/crm/main.go:3091.30,3092.23 1 299
github.com/apteva/apps/mcp/crm/main.go:3093.12,3094.11 1 172
github.com/apteva/apps/mcp/crm/main.go:3095.14,3096.48 1 117
github.com/apteva/apps/mcp/crm/main.go:3097.32,3098.15 1 1
github.com/apteva/apps/mcp/crm/main.go:3100.15,3101.16 1 0
github.com/apteva/apps/mcp/crm/main.go:3102.11,3103.16 1 0
github.com/apteva/apps/mcp/crm/main.go:3105.2,3105.14 1 126
github.com/apteva/apps/mcp/crm/main.go:3114.82,3115.16 1 122
github.com/apteva/apps/mcp/crm/main.go:3115.16,3117.3 1 115
github.com/apteva/apps/mcp/crm/main.go:3118.2,3119.9 2 7
github.com/apteva/apps/mcp/crm/main.go:3119.9,3121.3 1 0
github.com/apteva/apps/mcp/crm/main.go:3122.2,3124.27 3 7
github.com/apteva/apps/mcp/crm/main.go:3124.27,3126.10 2 8
github.com/apteva/apps/mcp/crm/main.go:3126.10,3128.4 1 0
github.com/apteva/apps/mcp/crm/main.go:3129.3,3130.16 2 8
github.com/apteva/apps/mcp/crm/main.go:3130.16,3132.4 1 0
github.com/apteva/apps/mcp/crm/main.go:3133.3,3133.16 1 8
github.com/apteva/apps/mcp/crm/main.go:3133.16,3135.4 1 0
github.com/apteva/apps/mcp/crm/main.go:3136.3,3138.16 3 8
github.com/apteva/apps/mcp/crm/main.go:3138.16,3140.4 1 7
github.com/apteva/apps/mcp/crm/main.go:3141.3,3141.84 1 8
github.com/apteva/apps/mcp/crm/main.go:3143.2,3143.20 1 7
github.com/apteva/apps/mcp/crm/main.go:3146.115,3148.16 2 122
github.com/apteva/apps/mcp/crm/main.go:3148.16,3150.3 1 0
github.com/apteva/apps/mcp/crm/main.go:3151.2,3151.31 1 122
github.com/apteva/apps/mcp/crm/main.go:3151.31,3153.17 2 8
github.com/apteva/apps/mcp/crm/main.go:3153.17,3155.4 1 2
github.com/apteva/apps/mcp/crm/main.go:3156.3,3156.25 1 6
github.com/apteva/apps/mcp/crm/main.go:3156.25,3157.20 1 0
github.com/apteva/apps/mcp/crm/main.go:3157.20,3159.5 1 0
github.com/apteva/apps/mcp/crm/main.go:3160.9,3160.103 1 6
github.com/apteva/apps/mcp/crm/main.go:3160.103,3162.4 1 0
github.com/apteva/apps/mcp/crm/main.go:3164.2,3164.20 1 120
github.com/apteva/apps/mcp/crm/main.go:3167.114,3168.31 1 120
github.com/apteva/apps/mcp/crm/main.go:3168.31,3169.98 1 6
github.com/apteva/apps/mcp/crm/main.go:3169.98,3171.4 1 1
github.com/apteva/apps/mcp/crm/main.go:3173.2,3173.12 1 119
github.com/apteva/apps/mcp/crm/main.go:3179.110,3181.16 2 0
github.com/apteva/apps/mcp/crm/main.go:3181.16,3183.3 1 0
github.com/apteva/apps/mcp/crm/main.go:3184.2,3184.65 1 0
github.com/apteva/apps/mcp/crm/main.go:3187.125,3192.16 3 2
github.com/apteva/apps/mcp/crm/main.go:3192.16,3194.3 1 0
github.com/apteva/apps/mcp/crm/main.go:3195.2,3195.14 1 2
github.com/apteva/apps/mcp/crm/main.go:3195.14,3197.3 1 0
github.com/apteva/apps/mcp/crm/main.go:3200.2,3201.29 2 2
github.com/apteva/apps/mcp/crm/main.go:3201.29,3203.3 1 2
github.com/apteva/apps/mcp/crm/main.go:3204.2,3213.16 4 2
github.com/apteva/apps/mcp/crm/main.go:3213.16,3216.103 1 0
github.com/apteva/apps/mcp/crm/main.go:3216.103,3218.4 1 0
github.com/apteva/apps/mcp/crm/main.go:3219.3,3219.25 1 0
github.com/apteva/apps/mcp/crm/main.go:3221.2,3221.21 1 2
github.com/apteva/apps/mcp/crm/main.go:3224.91,3225.25 1 2
github.com/apteva/apps/mcp/crm/main.go:3225.25,3227.3 1 0
github.com/apteva/apps/mcp/crm/main.go:3228.2,3229.16 2 2
github.com/apteva/apps/mcp/crm/main.go:3229.16,3231.3 1 0
github.com/apteva/apps/mcp/crm/main.go:3232.2,3238.48 3 2
github.com/apteva/apps/mcp/crm/main.go:3238.48,3240.3 1 0
github.com/apteva/apps/mcp/crm/main.go:3241.2,3241.12 1 2
github.com/apteva/apps/mcp/crm/main.go:3241.12,3243.3 1 0
github.com/apteva/apps/mcp/crm/main.go:3245.2,3245.48 1 2
github.com/apteva/apps/mcp/crm/main.go:3245.48,3248.3 2 34
github.com/apteva/apps/mcp/crm/main.go:3252.2,3254.39 1 2
github.com/apteva/apps/mcp/crm/main.go:3254.39,3256.3 1 0
github.com/apteva/apps/mcp/crm/main.go:3257.2,3259.29 1 2
github.com/apteva/apps/mcp/crm/main.go:3259.29,3261.3 1 0
github.com/apteva/apps/mcp/crm/main.go:3262.2,3264.39 1 2
github.com/apteva/apps/mcp/crm/main.go:3264.39,3266.3 1 0
github.com/apteva/apps/mcp/crm/main.go:3267.2,3269.29 1 2
github.com/apteva/apps/mcp/crm/main.go:3269.29,3271.3 1 0
github.com/apteva/apps/mcp/crm/main.go:3274.2,3278.39 1 2
github.com/apteva/apps/mcp/crm/main.go:3278.39,3280.3 1 0
github.com/apteva/apps/mcp/crm/main.go:3281.2,3281.111 1 2
github.com/apteva/apps/mcp/crm/main.go:3281.111,3283.3 1 0
github.com/apteva/apps/mcp/crm/main.go:3286.2,3288.39 1 2
github.com/apteva/apps/mcp/crm/main.go:3288.39,3290.3 1 0
github.com/apteva/apps/mcp/crm/main.go:3291.2,3293.39 1 2
github.com/apteva/apps/mcp/crm/main.go:3293.39,3295.3 1 0
github.com/apteva/apps/mcp/crm/main.go:3296.2,3298.39 1 2
github.com/apteva/apps/mcp/crm/main.go:3298.39,3300.3 1 0
github.com/apteva/apps/mcp/crm/main.go:3301.2,3305.39 1 2
github.com/apteva/apps/mcp/crm/main.go:3305.39,3307.3 1 0
github.com/apteva/apps/mcp/crm/main.go:3308.2,3308.119 1 2
github.com/apteva/apps/mcp/crm/main.go:3308.119,3310.3 1 0
github.com/apteva/apps/mcp/crm/main.go:3311.2,3315.39 1 2
github.com/apteva/apps/mcp/crm/main.go:3315.39,3317.3 1 0
github.com/apteva/apps/mcp/crm/main.go:3318.2,3318.124 1 2
github.com/apteva/apps/mcp/crm/main.go:3318.124,3320.3 1 0
github.com/apteva/apps/mcp/crm/main.go:3321.2,3324.39 1 2
github.com/apteva/apps/mcp/crm/main.go:3324.39,3326.3 1 0
github.com/apteva/apps/mcp/crm/main.go:3329.2,3339.60 1 2
github.com/apteva/apps/mcp/crm/main.go:3339.60,3341.3 1 0
github.com/apteva/apps/mcp/crm/main.go:3345.2,3348.29 1 2
github.com/apteva/apps/mcp/crm/main.go:3348.29,3350.3 1 0
github.com/apteva/apps/mcp/crm/main.go:3352.2,3355.54 1 2
github.com/apteva/apps/mcp/crm/main.go:3355.54,3357.3 1 0
github.com/apteva/apps/mcp/crm/main.go:3359.2,3359.20 1 2
github.com/apteva/apps/mcp/crm/main.go:3362.119,3366.16 2 4
github.com/apteva/apps/mcp/crm/main.go:3366.16,3368.3 1 0
github.com/apteva/apps/mcp/crm/main.go:3369.2,3374.16 3 4
github.com/apteva/apps/mcp/crm/main.go:3374.16,3376.3 1 0
github.com/apteva/apps/mcp/crm/main.go:3377.2,3381.43 2 4
github.com/apteva/apps/mcp/crm/main.go:3381.43,3383.3 1 0
github.com/apteva/apps/mcp/crm/main.go:3384.2,3384.36 1 4
github.com/apteva/apps/mcp/crm/main.go:3384.36,3386.3 1 0
github.com/apteva/apps/mcp/crm/main.go:3387.2,3390.8 1 4
github.com/apteva/apps/mcp/crm/main.go:3393.92,3394.31 1 7
github.com/apteva/apps/mcp/crm/main.go:3394.31,3396.3 1 0
github.com/apteva/apps/mcp/crm/main.go:3400.2,3407.16 2 7
github.com/apteva/apps/mcp/crm/main.go:3407.16,3409.3 1 0
github.com/apteva/apps/mcp/crm/main.go:3410.2,3412.18 3 7
github.com/apteva/apps/mcp/crm/main.go:3412.18,3414.119 2 3
github.com/apteva/apps/mcp/crm/main.go:3414.119,3416.4 1 3
github.com/apteva/apps/mcp/crm/main.go:3418.2,3418.35 1 7
github.com/apteva/apps/mcp/crm/main.go:3418.35,3420.3 1 0
github.com/apteva/apps/mcp/crm/main.go:3421.2,3421.62 1 7
github.com/apteva/apps/mcp/crm/main.go:3421.62,3423.3 1 0
github.com/apteva/apps/mcp/crm/main.go:3424.2,3424.17 1 7
github.com/apteva/apps/mcp/crm/main.go:3434.99,3442.26 4 22
github.com/apteva/apps/mcp/crm/main.go:3442.26,3444.3 1 3
github.com/apteva/apps/mcp/crm/main.go:3445.2,3445.16 1 19
github.com/apteva/apps/mcp/crm/main.go:3445.16,3447.3 1 0
github.com/apteva/apps/mcp/crm/main.go:3448.2,3449.17 2 19
github.com/apteva/apps/mcp/crm/main.go:3452.113,3458.37 2 15
github.com/apteva/apps/mcp/crm/main.go:3458.37,3460.3 1 0
github.com/apteva/apps/mcp/crm/main.go:3461.2,3461.24 1 15
github.com/apteva/apps/mcp/crm/main.go:3461.24,3463.3 1 1
github.com/apteva/apps/mcp/crm/main.go:3466.2,3467.16 2 14
github.com/apteva/apps/mcp/crm/main.go:3467.16,3469.3 1 1
github.com/apteva/apps/mcp/crm/main.go:3470.2,3474.18 5 13
github.com/apteva/apps/mcp/crm/main.go:3474.18,3475.19 1 0
github.com/apteva/apps/mcp/crm/main.go:3475.19,3477.4 1 0
github.com/apteva/apps/mcp/crm/main.go:3478.8,3478.90 1 13
github.com/apteva/apps/mcp/crm/main.go:3478.90,3480.3 1 1
github.com/apteva/apps/mcp/crm/main.go:3481.2,3481.18 1 12
github.com/apteva/apps/mcp/crm/main.go:3482.31,3483.19 1 9
github.com/apteva/apps/mcp/crm/main.go:3483.19,3485.4 1 9
github.com/apteva/apps/mcp/crm/main.go:3486.16,3487.28 1 2
github.com/apteva/apps/mcp/crm/main.go:3488.16,3489.49 1 2
github.com/apteva/apps/mcp/crm/main.go:3490.12,3491.58 1 0
github.com/apteva/apps/mcp/crm/main.go:3492.14,3493.58 1 0
github.com/apteva/apps/mcp/crm/main.go:3495.14,3496.19 1 1
github.com/apteva/apps/mcp/crm/main.go:3496.19,3498.4 1 1
github.com/apteva/apps/mcp/crm/main.go:3499.14,3500.32 1 0
github.com/apteva/apps/mcp/crm/main.go:3500.32,3502.4 1 0
github.com/apteva/apps/mcp/crm/main.go:3503.22,3504.19 1 0
github.com/apteva/apps/mcp/crm/main.go:3504.19,3506.18 2 0
github.com/apteva/apps/mcp/crm/main.go:3506.18,3508.5 1 0
github.com/apteva/apps/mcp/crm/main.go:3509.4,3509.57 1 0
github.com/apteva/apps/mcp/crm/main.go:3511.10,3512.75 1 0
github.com/apteva/apps/mcp/crm/main.go:3514.2,3526.12 2 12
github.com/apteva/apps/mcp/crm/main.go:3529.73,3531.20 2 19
github.com/apteva/apps/mcp/crm/main.go:3531.20,3533.67 2 2
github.com/apteva/apps/mcp/crm/main.go:3533.67,3535.4 1 0
github.com/apteva/apps/mcp/crm/main.go:3536.3,3536.31 1 2
github.com/apteva/apps/mcp/crm/main.go:3536.31,3538.4 1 6
github.com/apteva/apps/mcp/crm/main.go:3540.2,3540.13 1 19
github.com/apteva/apps/mcp/crm/main.go:3541.14,3542.35 1 14
github.com/apteva/apps/mcp/crm/main.go:3542.35,3544.4 1 0
github.com/apteva/apps/mcp/crm/main.go:3545.13,3547.10 2 0
github.com/apteva/apps/mcp/crm/main.go:3547.10,3549.4 1 0
github.com/apteva/apps/mcp/crm/main.go:3550.3,3551.80 2 0
github.com/apteva/apps/mcp/crm/main.go:3551.80,3553.4 1 0
github.com/apteva/apps/mcp/crm/main.go:3554.16,3556.25 2 2
github.com/apteva/apps/mcp/crm/main.go:3556.25,3558.4 1 1
github.com/apteva/apps/mcp/crm/main.go:3559.16,3560.23 1 2
github.com/apteva/apps/mcp/crm/main.go:3561.28,3561.28 0 2
github.com/apteva/apps/mcp/crm/main.go:3562.11,3563.59 1 0
github.com/apteva/apps/mcp/crm/main.go:3565.14,3567.10 2 1
github.com/apteva/apps/mcp/crm/main.go:3567.10,3569.4 1 0
github.com/apteva/apps/mcp/crm/main.go:3570.3,3570.56 1 1
github.com/apteva/apps/mcp/crm/main.go:3570.56,3572.4 1 0
github.com/apteva/apps/mcp/crm/main.go:3573.14,3574.33 1 0
github.com/apteva/apps/mcp/crm/main.go:3574.33,3576.4 1 0
github.com/apteva/apps/mcp/crm/main.go:3577.22,3579.10 2 0
github.com/apteva/apps/mcp/crm/main.go:3579.10,3581.4 1 0
github.com/apteva/apps/mcp/crm/main.go:3582.3,3582.30 1 0
github.com/apteva/apps/mcp/crm/main.go:3582.30,3584.26 2 0
github.com/apteva/apps/mcp/crm/main.go:3584.26,3586.5 1 0
github.com/apteva/apps/mcp/crm/main.go:3588.10,3589.70 1 0
github.com/apteva/apps/mcp/crm/main.go:3591.2,3591.12 1 18
github.com/apteva/apps/mcp/crm/main.go:3594.137,3599.22 2 11
github.com/apteva/apps/mcp/crm/main.go:3599.22,3601.3 1 0
github.com/apteva/apps/mcp/crm/main.go:3602.2,3602.68 1 11
github.com/apteva/apps/mcp/crm/main.go:3602.68,3604.3 1 0
github.com/apteva/apps/mcp/crm/main.go:3605.2,3605.46 1 11
github.com/apteva/apps/mcp/crm/main.go:3605.46,3607.34 2 1
github.com/apteva/apps/mcp/crm/main.go:3607.34,3610.41 3 3
github.com/apteva/apps/mcp/crm/main.go:3610.41,3612.5 1 0
github.com/apteva/apps/mcp/crm/main.go:3613.4,3614.25 2 3
github.com/apteva/apps/mcp/crm/main.go:3616.3,3616.27 1 1
github.com/apteva/apps/mcp/crm/main.go:3616.27,3618.4 1 0
github.com/apteva/apps/mcp/crm/main.go:3619.8,3619.32 1 10
github.com/apteva/apps/mcp/crm/main.go:3619.32,3621.3 1 0
github.com/apteva/apps/mcp/crm/main.go:3622.2,3627.40 3 11
github.com/apteva/apps/mcp/crm/main.go:3627.40,3629.3 1 0
github.com/apteva/apps/mcp/crm/main.go:3630.2,3630.47 1 11
github.com/apteva/apps/mcp/crm/main.go:3630.47,3632.3 1 1
github.com/apteva/apps/mcp/crm/main.go:3633.2,3634.25 2 10
github.com/apteva/apps/mcp/crm/main.go:3634.25,3637.3 2 1
github.com/apteva/apps/mcp/crm/main.go:3638.2,3648.16 2 10
github.com/apteva/apps/mcp/crm/main.go:3648.16,3650.3 1 0
github.com/apteva/apps/mcp/crm/main.go:3651.2,3654.8 1 10
github.com/apteva/apps/mcp/crm/main.go:3657.71,3662.16 2 0
github.com/apteva/apps/mcp/crm/main.go:3662.16,3664.3 1 0
github.com/apteva/apps/mcp/crm/main.go:3665.2,3667.18 3 0
github.com/apteva/apps/mcp/crm/main.go:3667.18,3671.99 4 0
github.com/apteva/apps/mcp/crm/main.go:3671.99,3672.12 1 0
github.com/apteva/apps/mcp/crm/main.go:3674.3,3675.20 2 0
github.com/apteva/apps/mcp/crm/main.go:3675.20,3677.4 1 0
github.com/apteva/apps/mcp/crm/main.go:3678.3,3682.5 1 0
github.com/apteva/apps/mcp/crm/main.go:3684.2,3684.17 1 0
github.com/apteva/apps/mcp/crm/main.go:3687.49,3698.16 2 146
github.com/apteva/apps/mcp/crm/main.go:3698.16,3700.3 1 0
github.com/apteva/apps/mcp/crm/main.go:3701.2,3702.18 2 146
github.com/apteva/apps/mcp/crm/main.go:3702.18,3709.65 4 101
github.com/apteva/apps/mcp/crm/main.go:3709.65,3711.33 2 101
github.com/apteva/apps/mcp/crm/main.go:3711.33,3713.5 1 17
github.com/apteva/apps/mcp/crm/main.go:3714.4,3714.39 1 101
github.com/apteva/apps/mcp/crm/main.go:3717.2,3717.35 1 146
github.com/apteva/apps/mcp/crm/main.go:3717.35,3720.3 2 0
github.com/apteva/apps/mcp/crm/main.go:3721.2,3721.37 1 146
github.com/apteva/apps/mcp/crm/main.go:3721.37,3723.3 1 0
github.com/apteva/apps/mcp/crm/main.go:3724.2,3724.28 1 146
github.com/apteva/apps/mcp/crm/main.go:3724.28,3726.17 2 101
github.com/apteva/apps/mcp/crm/main.go:3726.17,3728.4 1 0
github.com/apteva/apps/mcp/crm/main.go:3729.3,3729.40 1 101
github.com/apteva/apps/mcp/crm/main.go:3731.2,3731.12 1 146
github.com/apteva/apps/mcp/crm/main.go:3736.74,3741.2 2 8
github.com/apteva/apps/mcp/crm/main.go:3743.45,3748.16 2 26
github.com/apteva/apps/mcp/crm/main.go:3748.16,3750.3 1 0
github.com/apteva/apps/mcp/crm/main.go:3751.2,3753.18 3 26
github.com/apteva/apps/mcp/crm/main.go:3753.18,3755.39 2 3
github.com/apteva/apps/mcp/crm/main.go:3755.39,3757.4 1 3
github.com/apteva/apps/mcp/crm/main.go:3759.2,3759.12 1 26
github.com/apteva/apps/mcp/crm/main.go:3762.51,3773.16 2 11
github.com/apteva/apps/mcp/crm/main.go:3773.16,3775.3 1 0
github.com/apteva/apps/mcp/crm/main.go:3776.2,3778.18 3 11
github.com/apteva/apps/mcp/crm/main.go:3778.18,3783.89 5 5
github.com/apteva/apps/mcp/crm/main.go:3783.89,3784.12 1 0
github.com/apteva/apps/mcp/crm/main.go:3786.3,3787.14 2 5
github.com/apteva/apps/mcp/crm/main.go:3788.32,3789.16 1 4
github.com/apteva/apps/mcp/crm/main.go:3789.16,3791.5 1 4
github.com/apteva/apps/mcp/crm/main.go:3792.17,3793.16 1 0
github.com/apteva/apps/mcp/crm/main.go:3793.16,3795.5 1 0
github.com/apteva/apps/mcp/crm/main.go:3796.15,3797.16 1 1
github.com/apteva/apps/mcp/crm/main.go:3797.16,3803.43 2 1
github.com/apteva/apps/mcp/crm/main.go:3803.43,3805.6 1 1
github.com/apteva/apps/mcp/crm/main.go:3806.5,3806.10 1 1
github.com/apteva/apps/mcp/crm/main.go:3808.15,3809.16 1 0
github.com/apteva/apps/mcp/crm/main.go:3809.16,3811.5 1 0
github.com/apteva/apps/mcp/crm/main.go:3812.23,3813.16 1 0
github.com/apteva/apps/mcp/crm/main.go:3813.16,3817.5 3 0
github.com/apteva/apps/mcp/crm/main.go:3819.3,3822.5 1 5
github.com/apteva/apps/mcp/crm/main.go:3824.2,3824.12 1 11
github.com/apteva/apps/mcp/crm/main.go:3829.59,3830.31 1 103
github.com/apteva/apps/mcp/crm/main.go:3831.15,3832.16 1 0
github.com/apteva/apps/mcp/crm/main.go:3833.11,3834.11 1 22
github.com/apteva/apps/mcp/crm/main.go:3835.13,3836.16 1 0
github.com/apteva/apps/mcp/crm/main.go:3837.14,3838.63 1 1
github.com/apteva/apps/mcp/crm/main.go:3838.63,3840.4 1 1
github.com/apteva/apps/mcp/crm/main.go:3842.2,3842.12 1 80
github.com/apteva/apps/mcp/crm/main.go:3845.54,3846.31 1 222
github.com/apteva/apps/mcp/crm/main.go:3847.15,3848.18 1 0
github.com/apteva/apps/mcp/crm/main.go:3849.11,3850.18 1 2
github.com/apteva/apps/mcp/crm/main.go:3851.13,3852.11 1 95
github.com/apteva/apps/mcp/crm/main.go:3853.14,3858.17 2 0
github.com/apteva/apps/mcp/crm/main.go:3858.17,3860.4 1 0
github.com/apteva/apps/mcp/crm/main.go:3861.3,3861.11 1 0
github.com/apteva/apps/mcp/crm/main.go:3863.2,3863.10 1 125
github.com/apteva/apps/mcp/crm/main.go:3866.62,3867.31 1 12
github.com/apteva/apps/mcp/crm/main.go:3868.12,3869.11 1 0
github.com/apteva/apps/mcp/crm/main.go:3870.14,3871.48 1 0
github.com/apteva/apps/mcp/crm/main.go:3872.32,3873.15 1 0
github.com/apteva/apps/mcp/crm/main.go:3874.32,3875.16 1 0
github.com/apteva/apps/mcp/crm/main.go:3878.2,3878.12 1 12
github.com/apteva/apps/mcp/crm/main.go:3881.53,3882.37 1 1283
github.com/apteva/apps/mcp/crm/main.go:3882.37,3884.3 1 286
github.com/apteva/apps/mcp/crm/main.go:3885.2,3885.11 1 997
github.com/apteva/apps/mcp/crm/main.go:3888.28,3889.7 1 110
github.com/apteva/apps/mcp/crm/main.go:3889.7,3891.3 1 91
github.com/apteva/apps/mcp/crm/main.go:3892.2,3892.10 1 19
github.com/apteva/apps/mcp/crm/main.go:3895.39,3897.2 1 1065
github.com/apteva/apps/mcp/crm/main.go:3899.75,3904.23 2 265
github.com/apteva/apps/mcp/crm/main.go:3904.23,3906.3 1 170
github.com/apteva/apps/mcp/crm/main.go:3907.2,3907.12 1 265
github.com/apteva/apps/mcp/crm/main.go:3910.52,3924.2 1 15
github.com/apteva/apps/mcp/crm/main.go:3926.62,3967.2 3 15
github.com/apteva/apps/mcp/crm/main.go:3978.50,3980.14 2 273
github.com/apteva/apps/mcp/crm/main.go:3981.15,3982.32 1 168
github.com/apteva/apps/mcp/crm/main.go:3983.15,3986.27 2 104
github.com/apteva/apps/mcp/crm/main.go:3986.27,3987.42 1 1200
github.com/apteva/apps/mcp/crm/main.go:3987.42,3989.5 1 1079
github.com/apteva/apps/mcp/crm/main.go:3991.3,3991.20 1 104
github.com/apteva/apps/mcp/crm/main.go:3993.2,3993.14 1 1
github.com/apteva/apps/mcp/crm/main.go:3998.45,4001.2 2 10
github.com/apteva/apps/mcp/crm/main.go:4005.76,4007.2 1 10
github.com/apteva/apps/mcp/crm/main.go:4009.94,4012.2 2 12
github.com/apteva/apps/mcp/crm/main.go:4014.59,4018.2 3 0
github.com/apteva/apps/mcp/crm/main.go:4028.45,4028.65 1 4
github.com/apteva/apps/mcp/crm/messaging.go:51.45,53.16 2 1
github.com/apteva/apps/mcp/crm/messaging.go:53.16,55.3 1 0
github.com/apteva/apps/mcp/crm/messaging.go:56.2,56.18 1 1
github.com/apteva/apps/mcp/crm/messaging.go:59.61,61.16 2 1
github.com/apteva/apps/mcp/crm/messaging.go:61.16,63.3 1 0
github.com/apteva/apps/mcp/crm/messaging.go:64.2,67.17 4 1
github.com/apteva/apps/mcp/crm/messaging.go:67.17,70.3 2 0
github.com/apteva/apps/mcp/crm/messaging.go:71.2,79.3 1 1
github.com/apteva/apps/mcp/crm/messaging.go:110.83,114.16 3 62
github.com/apteva/apps/mcp/crm/messaging.go:114.16,116.3 1 9
github.com/apteva/apps/mcp/crm/messaging.go:117.2,117.15 1 53
github.com/apteva/apps/mcp/crm/messaging.go:120.125,128.16 2 35
github.com/apteva/apps/mcp/crm/messaging.go:128.16,130.3 1 0
github.com/apteva/apps/mcp/crm/messaging.go:131.2,132.16 2 35
github.com/apteva/apps/mcp/crm/messaging.go:137.111,138.29 1 8
github.com/apteva/apps/mcp/crm/messaging.go:138.29,140.3 1 0
github.com/apteva/apps/mcp/crm/messaging.go:141.2,149.35 3 8
github.com/apteva/apps/mcp/crm/messaging.go:149.35,151.3 1 7
github.com/apteva/apps/mcp/crm/messaging.go:152.2,152.16 1 1
github.com/apteva/apps/mcp/crm/messaging.go:152.16,154.3 1 0
github.com/apteva/apps/mcp/crm/messaging.go:155.2,155.15 1 1
github.com/apteva/apps/mcp/crm/messaging.go:158.90,159.21 1 0
github.com/apteva/apps/mcp/crm/messaging.go:159.21,161.3 1 0
github.com/apteva/apps/mcp/crm/messaging.go:162.2,169.35 3 0
github.com/apteva/apps/mcp/crm/messaging.go:169.35,171.3 1 0
github.com/apteva/apps/mcp/crm/messaging.go:172.2,172.16 1 0
github.com/apteva/apps/mcp/crm/messaging.go:172.16,174.3 1 0
github.com/apteva/apps/mcp/crm/messaging.go:175.2,175.15 1 0
github.com/apteva/apps/mcp/crm/messaging.go:181.112,182.23 1 0
github.com/apteva/apps/mcp/crm/messaging.go:182.23,184.3 1 0
github.com/apteva/apps/mcp/crm/messaging.go:185.2,193.38 3 0
github.com/apteva/apps/mcp/crm/messaging.go:193.38,194.36 1 0
github.com/apteva/apps/mcp/crm/messaging.go:194.36,196.4 1 0
github.com/apteva/apps/mcp/crm/messaging.go:197.3,197.16 1 0
github.com/apteva/apps/mcp/crm/messaging.go:199.2,199.16 1 0
github.com/apteva/apps/mcp/crm/messaging.go:202.127,203.31 1 7
github.com/apteva/apps/mcp/crm/messaging.go:203.31,205.3 1 0
github.com/apteva/apps/mcp/crm/messaging.go:206.2,208.19 3 7
github.com/apteva/apps/mcp/crm/messaging.go:208.19,211.3 2 0
github.com/apteva/apps/mcp/crm/messaging.go:212.2,212.18 1 7
github.com/apteva/apps/mcp/crm/messaging.go:212.18,215.3 2 1
github.com/apteva/apps/mcp/crm/messaging.go:216.2,224.16 3 7
github.com/apteva/apps/mcp/crm/messaging.go:224.16,226.3 1 0
github.com/apteva/apps/mcp/crm/messaging.go:227.2,229.18 3 7
github.com/apteva/apps/mcp/crm/messaging.go:229.18,231.17 2 2
github.com/apteva/apps/mcp/crm/messaging.go:231.17,233.4 1 2
github.com/apteva/apps/mcp/crm/messaging.go:235.2,235.35 1 7
github.com/apteva/apps/mcp/crm/messaging.go:235.35,237.3 1 0
github.com/apteva/apps/mcp/crm/messaging.go:238.2,238.17 1 7
github.com/apteva/apps/mcp/crm/messaging.go:241.81,249.35 3 52
github.com/apteva/apps/mcp/crm/messaging.go:249.35,251.3 1 2
github.com/apteva/apps/mcp/crm/messaging.go:252.2,252.16 1 50
github.com/apteva/apps/mcp/crm/messaging.go:252.16,254.3 1 0
github.com/apteva/apps/mcp/crm/messaging.go:255.2,255.15 1 50
github.com/apteva/apps/mcp/crm/messaging.go:262.104,265.18 3 10
github.com/apteva/apps/mcp/crm/messaging.go:265.18,268.3 2 9
github.com/apteva/apps/mcp/crm/messaging.go:269.2,269.20 1 10
github.com/apteva/apps/mcp/crm/messaging.go:269.20,272.3 2 1
github.com/apteva/apps/mcp/crm/messaging.go:273.2,273.20 1 10
github.com/apteva/apps/mcp/crm/messaging.go:273.20,275.3 1 0
github.com/apteva/apps/mcp/crm/messaging.go:276.2,282.16 3 10
github.com/apteva/apps/mcp/crm/messaging.go:282.16,284.3 1 0
github.com/apteva/apps/mcp/crm/messaging.go:285.2,286.15 2 10
github.com/apteva/apps/mcp/crm/messaging.go:295.83,303.16 2 8
github.com/apteva/apps/mcp/crm/messaging.go:303.16,305.3 1 0
github.com/apteva/apps/mcp/crm/messaging.go:306.2,307.19 2 8
github.com/apteva/apps/mcp/crm/messaging.go:314.108,322.16 2 11
github.com/apteva/apps/mcp/crm/messaging.go:322.16,324.3 1 0
github.com/apteva/apps/mcp/crm/messaging.go:325.2,327.16 3 11
github.com/apteva/apps/mcp/crm/messaging.go:327.16,329.3 1 0
github.com/apteva/apps/mcp/crm/messaging.go:330.2,330.22 1 11
github.com/apteva/apps/mcp/crm/messaging.go:333.71,339.16 1 3
github.com/apteva/apps/mcp/crm/messaging.go:339.16,341.3 1 0
github.com/apteva/apps/mcp/crm/messaging.go:342.2,342.45 1 3
github.com/apteva/apps/mcp/crm/messaging.go:345.77,352.30 2 9
github.com/apteva/apps/mcp/crm/messaging.go:352.30,353.36 1 0
github.com/apteva/apps/mcp/crm/messaging.go:353.36,355.4 1 0
github.com/apteva/apps/mcp/crm/messaging.go:356.3,356.20 1 0
github.com/apteva/apps/mcp/crm/messaging.go:358.2,358.39 1 9
github.com/apteva/apps/mcp/crm/messaging.go:358.39,360.3 1 1
github.com/apteva/apps/mcp/crm/messaging.go:361.2,366.25 2 8
github.com/apteva/apps/mcp/crm/messaging.go:366.25,368.3 1 0
github.com/apteva/apps/mcp/crm/messaging.go:369.2,369.19 1 8
github.com/apteva/apps/mcp/crm/messaging.go:376.117,377.31 1 1
github.com/apteva/apps/mcp/crm/messaging.go:377.31,379.3 1 0
github.com/apteva/apps/mcp/crm/messaging.go:380.2,380.16 1 1
github.com/apteva/apps/mcp/crm/messaging.go:380.16,382.3 1 0
github.com/apteva/apps/mcp/crm/messaging.go:383.2,400.16 2 1
github.com/apteva/apps/mcp/crm/messaging.go:400.16,402.3 1 0
github.com/apteva/apps/mcp/crm/messaging.go:403.2,405.18 3 1
github.com/apteva/apps/mcp/crm/messaging.go:405.18,408.88 2 1
github.com/apteva/apps/mcp/crm/messaging.go:408.88,409.26 1 1
github.com/apteva/apps/mcp/crm/messaging.go:409.26,411.5 1 1
github.com/apteva/apps/mcp/crm/messaging.go:412.4,412.24 1 1
github.com/apteva/apps/mcp/crm/messaging.go:415.2,415.35 1 1
github.com/apteva/apps/mcp/crm/messaging.go:415.35,417.3 1 0
github.com/apteva/apps/mcp/crm/messaging.go:418.2,418.62 1 1
github.com/apteva/apps/mcp/crm/messaging.go:418.62,420.3 1 0
github.com/apteva/apps/mcp/crm/messaging.go:421.2,421.17 1 1
github.com/apteva/apps/mcp/crm/messaging.go:424.52,426.15 2 1
github.com/apteva/apps/mcp/crm/messaging.go:426.15,428.3 1 0
github.com/apteva/apps/mcp/crm/messaging.go:429.2,430.56 2 1
github.com/apteva/apps/mcp/crm/messaging.go:430.56,432.3 1 0
github.com/apteva/apps/mcp/crm/messaging.go:433.2,433.40 1 1
github.com/apteva/apps/mcp/crm/messaging.go:462.95,463.70 1 1
github.com/apteva/apps/mcp/crm/messaging.go:463.70,465.3 1 0
github.com/apteva/apps/mcp/crm/messaging.go:466.2,468.31 3 1
github.com/apteva/apps/mcp/crm/messaging.go:468.31,469.60 1 1
github.com/apteva/apps/mcp/crm/messaging.go:469.60,470.12 1 0
github.com/apteva/apps/mcp/crm/messaging.go:472.3,473.35 2 1
github.com/apteva/apps/mcp/crm/messaging.go:475.2,475.19 1 1
github.com/apteva/apps/mcp/crm/messaging.go:475.19,477.3 1 0
github.com/apteva/apps/mcp/crm/messaging.go:478.2,484.28 7 1
github.com/apteva/apps/mcp/crm/messaging.go:484.28,486.3 1 1
github.com/apteva/apps/mcp/crm/messaging.go:487.2,488.35 2 1
github.com/apteva/apps/mcp/crm/messaging.go:488.35,489.13 1 1
github.com/apteva/apps/mcp/crm/messaging.go:489.13,491.25 2 1
github.com/apteva/apps/mcp/crm/messaging.go:491.25,497.55 3 1
github.com/apteva/apps/mcp/crm/messaging.go:497.55,498.14 1 0
github.com/apteva/apps/mcp/crm/messaging.go:500.5,511.35 2 1
github.com/apteva/apps/mcp/crm/messaging.go:511.35,512.19 1 1
github.com/apteva/apps/mcp/crm/messaging.go:512.19,513.15 1 0
github.com/apteva/apps/mcp/crm/messaging.go:515.6,520.8 1 1
github.com/apteva/apps/mcp/crm/messaging.go:522.5,525.24 4 1
github.com/apteva/apps/mcp/crm/messaging.go:529.2,529.25 1 1
github.com/apteva/apps/mcp/crm/messaging.go:529.25,531.3 1 1
github.com/apteva/apps/mcp/crm/messaging.go:532.2,534.31 3 1
github.com/apteva/apps/mcp/crm/messaging.go:534.31,535.37 1 1
github.com/apteva/apps/mcp/crm/messaging.go:535.37,537.70 2 1
github.com/apteva/apps/mcp/crm/messaging.go:537.70,538.105 1 0
github.com/apteva/apps/mcp/crm/messaging.go:538.105,540.6 1 0
github.com/apteva/apps/mcp/crm/messaging.go:544.2,544.59 1 1
github.com/apteva/apps/mcp/crm/messaging.go:564.84,565.25 1 23
github.com/apteva/apps/mcp/crm/messaging.go:565.25,567.3 1 14
github.com/apteva/apps/mcp/crm/messaging.go:568.2,569.30 2 23
github.com/apteva/apps/mcp/crm/messaging.go:569.30,571.3 1 21
github.com/apteva/apps/mcp/crm/messaging.go:572.2,573.16 2 23
github.com/apteva/apps/mcp/crm/messaging.go:573.16,575.3 1 0
github.com/apteva/apps/mcp/crm/messaging.go:576.2,579.27 3 23
github.com/apteva/apps/mcp/crm/messaging.go:579.27,581.3 1 23
github.com/apteva/apps/mcp/crm/messaging.go:582.2,582.21 1 23
github.com/apteva/apps/mcp/crm/messaging.go:582.21,584.3 1 21
github.com/apteva/apps/mcp/crm/messaging.go:585.2,585.30 1 23
github.com/apteva/apps/mcp/crm/messaging.go:585.30,587.3 1 14
github.com/apteva/apps/mcp/crm/messaging.go:588.2,588.24 1 23
github.com/apteva/apps/mcp/crm/messaging.go:588.24,590.3 1 17
github.com/apteva/apps/mcp/crm/messaging.go:591.2,591.48 1 23
github.com/apteva/apps/mcp/crm/messaging.go:591.48,593.3 1 11
github.com/apteva/apps/mcp/crm/messaging.go:595.2,604.16 2 23
github.com/apteva/apps/mcp/crm/messaging.go:604.16,609.51 1 0
github.com/apteva/apps/mcp/crm/messaging.go:609.51,611.4 1 0
github.com/apteva/apps/mcp/crm/messaging.go:612.3,612.18 1 0
github.com/apteva/apps/mcp/crm/messaging.go:614.2,615.91 2 23
github.com/apteva/apps/mcp/crm/messaging.go:615.91,617.3 1 0
github.com/apteva/apps/mcp/crm/messaging.go:618.2,622.16 1 23
github.com/apteva/apps/mcp/crm/messaging.go:622.16,624.3 1 0
github.com/apteva/apps/mcp/crm/messaging.go:625.2,625.27 1 23
github.com/apteva/apps/mcp/crm/messaging.go:625.27,630.17 1 23
github.com/apteva/apps/mcp/crm/messaging.go:630.17,632.4 1 0
github.com/apteva/apps/mcp/crm/messaging.go:634.2,634.36 1 23
github.com/apteva/apps/mcp/crm/messaging.go:634.36,636.3 1 0
github.com/apteva/apps/mcp/crm/messaging.go:637.2,646.89 2 23
github.com/apteva/apps/mcp/crm/messaging.go:646.89,648.3 1 0
github.com/apteva/apps/mcp/crm/messaging.go:649.2,649.22 1 23
github.com/apteva/apps/mcp/crm/messaging.go:654.92,655.22 1 12
github.com/apteva/apps/mcp/crm/messaging.go:655.22,657.3 1 0
github.com/apteva/apps/mcp/crm/messaging.go:658.2,667.28 2 12
github.com/apteva/apps/mcp/crm/messaging.go:667.28,669.3 1 1
github.com/apteva/apps/mcp/crm/messaging.go:670.2,670.15 1 12
github.com/apteva/apps/mcp/crm/messaging.go:673.88,674.34 1 24
github.com/apteva/apps/mcp/crm/messaging.go:674.34,676.3 1 0
github.com/apteva/apps/mcp/crm/messaging.go:677.2,690.28 2 24
github.com/apteva/apps/mcp/crm/messaging.go:690.28,692.3 1 1
github.com/apteva/apps/mcp/crm/messaging.go:693.2,693.15 1 24
github.com/apteva/apps/mcp/crm/messaging.go:696.55,702.16 2 36
github.com/apteva/apps/mcp/crm/messaging.go:702.16,703.36 1 34
github.com/apteva/apps/mcp/crm/messaging.go:703.36,705.4 1 34
github.com/apteva/apps/mcp/crm/messaging.go:706.3,706.18 1 0
github.com/apteva/apps/mcp/crm/messaging.go:708.2,708.15 1 2
github.com/apteva/apps/mcp/crm/messaging.go:711.40,712.16 1 0
github.com/apteva/apps/mcp/crm/messaging.go:712.16,714.3 1 0
github.com/apteva/apps/mcp/crm/messaging.go:715.2,719.43 2 0
github.com/apteva/apps/mcp/crm/messaging.go:738.112,739.14 1 17
github.com/apteva/apps/mcp/crm/messaging.go:739.14,741.3 1 0
github.com/apteva/apps/mcp/crm/messaging.go:742.2,742.59 1 17
github.com/apteva/apps/mcp/crm/messaging.go:742.59,744.17 2 32
github.com/apteva/apps/mcp/crm/messaging.go:744.17,746.4 1 0
github.com/apteva/apps/mcp/crm/messaging.go:747.3,762.15 5 32
github.com/apteva/apps/mcp/crm/messaging.go:765.2,765.25 1 17
github.com/apteva/apps/mcp/crm/messaging.go:765.25,767.17 2 11
github.com/apteva/apps/mcp/crm/messaging.go:767.17,769.4 1 0
github.com/apteva/apps/mcp/crm/messaging.go:770.3,770.85 1 11
github.com/apteva/apps/mcp/crm/messaging.go:773.2,784.40 4 6
github.com/apteva/apps/mcp/crm/messaging.go:784.40,785.10 1 1
github.com/apteva/apps/mcp/crm/messaging.go:786.42,787.30 1 1
github.com/apteva/apps/mcp/crm/messaging.go:788.40,789.28 1 0
github.com/apteva/apps/mcp/crm/messaging.go:790.45,791.33 1 0
github.com/apteva/apps/mcp/crm/messaging.go:794.2,794.23 1 6
github.com/apteva/apps/mcp/crm/messaging.go:794.23,795.60 1 1
github.com/apteva/apps/mcp/crm/messaging.go:795.60,797.4 1 1
github.com/apteva/apps/mcp/crm/messaging.go:800.2,801.73 2 5
github.com/apteva/apps/mcp/crm/messaging.go:801.73,802.50 1 15
github.com/apteva/apps/mcp/crm/messaging.go:802.50,804.4 1 5
github.com/apteva/apps/mcp/crm/messaging.go:806.2,806.24 1 5
github.com/apteva/apps/mcp/crm/messaging.go:807.9,808.87 1 0
github.com/apteva/apps/mcp/crm/messaging.go:809.9,811.84 2 5
github.com/apteva/apps/mcp/crm/messaging.go:812.10,813.116 1 0
github.com/apteva/apps/mcp/crm/messaging.go:819.60,820.16 1 107
github.com/apteva/apps/mcp/crm/messaging.go:820.16,822.3 1 0
github.com/apteva/apps/mcp/crm/messaging.go:823.2,823.40 1 107
github.com/apteva/apps/mcp/crm/messaging.go:826.86,828.97 2 12
github.com/apteva/apps/mcp/crm/messaging.go:828.97,830.3 1 0
github.com/apteva/apps/mcp/crm/messaging.go:831.2,831.17 1 12
github.com/apteva/apps/mcp/crm/messaging.go:834.60,836.16 2 12
github.com/apteva/apps/mcp/crm/messaging.go:837.87,839.19 2 1
github.com/apteva/apps/mcp/crm/messaging.go:839.19,841.4 1 0
github.com/apteva/apps/mcp/crm/messaging.go:842.3,842.45 1 1
github.com/apteva/apps/mcp/crm/messaging.go:842.45,844.4 1 1
github.com/apteva/apps/mcp/crm/messaging.go:845.3,845.61 1 0
github.com/apteva/apps/mcp/crm/messaging.go:846.10,847.13 1 11
github.com/apteva/apps/mcp/crm/messaging.go:851.90,852.32 1 65
github.com/apteva/apps/mcp/crm/messaging.go:852.32,854.3 1 0
github.com/apteva/apps/mcp/crm/messaging.go:855.2,855.70 1 65
github.com/apteva/apps/mcp/crm/messaging.go:860.70,861.32 1 14
github.com/apteva/apps/mcp/crm/messaging.go:861.32,863.3 1 0
github.com/apteva/apps/mcp/crm/messaging.go:864.2,864.78 1 14
github.com/apteva/apps/mcp/crm/messaging.go:864.78,874.17 3 42
github.com/apteva/apps/mcp/crm/messaging.go:874.17,876.4 1 0
github.com/apteva/apps/mcp/crm/messaging.go:878.2,878.12 1 14
github.com/apteva/apps/mcp/crm/messaging.go:885.80,892.16 3 0
github.com/apteva/apps/mcp/crm/messaging.go:892.16,894.3 1 0
github.com/apteva/apps/mcp/crm/messaging.go:895.2,895.35 1 0
github.com/apteva/apps/mcp/crm/messaging.go:905.122,906.18 1 2
github.com/apteva/apps/mcp/crm/messaging.go:906.18,908.3 1 0
github.com/apteva/apps/mcp/crm/messaging.go:909.2,910.17 2 2
github.com/apteva/apps/mcp/crm/messaging.go:910.17,912.3 1 1
github.com/apteva/apps/mcp/crm/messaging.go:913.2,913.44 1 2
github.com/apteva/apps/mcp/crm/messaging.go:913.44,915.3 1 0
github.com/apteva/apps/mcp/crm/messaging.go:916.2,925.74 3 2
github.com/apteva/apps/mcp/crm/messaging.go:925.74,927.3 1 0
github.com/apteva/apps/mcp/crm/messaging.go:928.2,928.35 1 2
github.com/apteva/apps/mcp/crm/messaging.go:928.35,930.17 2 0
github.com/apteva/apps/mcp/crm/messaging.go:930.17,932.4 1 0
github.com/apteva/apps/mcp/crm/messaging.go:933.3,933.21 1 0
github.com/apteva/apps/mcp/crm/messaging.go:933.21,934.25 1 0
github.com/apteva/apps/mcp/crm/messaging.go:935.22,936.32 1 0
github.com/apteva/apps/mcp/crm/messaging.go:937.37,938.32 1 0
github.com/apteva/apps/mcp/crm/messaging.go:942.2,943.23 2 2
github.com/apteva/apps/mcp/crm/messaging.go:943.23,944.36 1 1
github.com/apteva/apps/mcp/crm/messaging.go:944.36,946.4 1 0
github.com/apteva/apps/mcp/crm/messaging.go:947.3,948.19 2 1
github.com/apteva/apps/mcp/crm/messaging.go:948.19,950.4 1 0
github.com/apteva/apps/mcp/crm/messaging.go:951.3,951.31 1 1
github.com/apteva/apps/mcp/crm/messaging.go:953.2,953.16 1 1
github.com/apteva/apps/mcp/crm/messaging.go:953.16,955.3 1 0
github.com/apteva/apps/mcp/crm/messaging.go:956.2,956.29 1 1
github.com/apteva/apps/mcp/crm/messaging.go:959.126,961.32 2 2
github.com/apteva/apps/mcp/crm/messaging.go:961.32,963.3 1 0
github.com/apteva/apps/mcp/crm/messaging.go:964.2,965.68 2 2
github.com/apteva/apps/mcp/crm/messaging.go:965.68,968.3 2 0
github.com/apteva/apps/mcp/crm/messaging.go:969.2,978.16 3 2
github.com/apteva/apps/mcp/crm/messaging.go:978.16,981.3 2 0
github.com/apteva/apps/mcp/crm/messaging.go:982.2,982.49 1 2
github.com/apteva/apps/mcp/crm/messaging.go:982.49,984.3 1 0
github.com/apteva/apps/mcp/crm/messaging.go:985.2,998.16 6 2
github.com/apteva/apps/mcp/crm/messaging.go:998.16,1000.3 1 0
github.com/apteva/apps/mcp/crm/messaging.go:1001.2,1001.12 1 2
github.com/apteva/apps/mcp/crm/messaging.go:1004.91,1006.16 2 0
github.com/apteva/apps/mcp/crm/messaging.go:1006.16,1008.3 1 0
github.com/apteva/apps/mcp/crm/messaging.go:1009.2,1013.74 2 0
github.com/apteva/apps/mcp/crm/messaging.go:1013.74,1015.3 1 0
github.com/apteva/apps/mcp/crm/messaging.go:1016.2,1017.75 2 0
github.com/apteva/apps/mcp/crm/messaging.go:1017.75,1019.3 1 0
github.com/apteva/apps/mcp/crm/messaging.go:1020.2,1020.17 1 0
github.com/apteva/apps/mcp/crm/messaging.go:1023.93,1025.16 2 0
github.com/apteva/apps/mcp/crm/messaging.go:1025.16,1027.3 1 0
github.com/apteva/apps/mcp/crm/messaging.go:1028.2,1029.19 2 0
github.com/apteva/apps/mcp/crm/messaging.go:1029.19,1031.3 1 0
github.com/apteva/apps/mcp/crm/messaging.go:1032.2,1039.76 4 0
github.com/apteva/apps/mcp/crm/messaging.go:1039.76,1041.3 1 0
github.com/apteva/apps/mcp/crm/messaging.go:1042.2,1042.18 1 0
github.com/apteva/apps/mcp/crm/messaging.go:1042.18,1043.47 1 0
github.com/apteva/apps/mcp/crm/messaging.go:1043.47,1045.29 2 0
github.com/apteva/apps/mcp/crm/messaging.go:1045.29,1047.17 2 0
github.com/apteva/apps/mcp/crm/messaging.go:1047.17,1048.14 1 0
github.com/apteva/apps/mcp/crm/messaging.go:1050.5,1050.61 1 0
github.com/apteva/apps/mcp/crm/messaging.go:1050.61,1051.14 1 0
github.com/apteva/apps/mcp/crm/messaging.go:1053.5,1055.81 3 0
github.com/apteva/apps/mcp/crm/messaging.go:1055.81,1056.14 1 0
github.com/apteva/apps/mcp/crm/messaging.go:1058.5,1058.37 1 0
github.com/apteva/apps/mcp/crm/messaging.go:1060.4,1061.32 2 0
github.com/apteva/apps/mcp/crm/messaging.go:1064.2,1064.17 1 0
github.com/apteva/apps/mcp/crm/messaging.go:1067.100,1069.16 2 0
github.com/apteva/apps/mcp/crm/messaging.go:1069.16,1071.3 1 0
github.com/apteva/apps/mcp/crm/messaging.go:1072.2,1073.16 2 0
github.com/apteva/apps/mcp/crm/messaging.go:1073.16,1075.3 1 0
github.com/apteva/apps/mcp/crm/messaging.go:1076.2,1077.16 2 0
github.com/apteva/apps/mcp/crm/messaging.go:1077.16,1079.3 1 0
github.com/apteva/apps/mcp/crm/messaging.go:1080.2,1080.51 1 0
github.com/apteva/apps/mcp/crm/messaging.go:1083.113,1084.61 1 3
github.com/apteva/apps/mcp/crm/messaging.go:1084.61,1086.3 1 2
github.com/apteva/apps/mcp/crm/messaging.go:1087.2,1088.14 2 1
github.com/apteva/apps/mcp/crm/messaging.go:1088.14,1090.3 1 1
github.com/apteva/apps/mcp/crm/messaging.go:1091.2,1091.14 1 1
github.com/apteva/apps/mcp/crm/messaging.go:1091.14,1093.3 1 0
github.com/apteva/apps/mcp/crm/messaging.go:1094.2,1095.16 2 1
github.com/apteva/apps/mcp/crm/messaging.go:1095.16,1097.3 1 0
github.com/apteva/apps/mcp/crm/messaging.go:1098.2,1098.14 1 1
github.com/apteva/apps/mcp/crm/messaging.go:1098.14,1100.3 1 0
github.com/apteva/apps/mcp/crm/messaging.go:1101.2,1102.16 2 1
github.com/apteva/apps/mcp/crm/messaging.go:1102.16,1104.3 1 0
github.com/apteva/apps/mcp/crm/messaging.go:1105.2,1105.66 1 1
github.com/apteva/apps/mcp/crm/messaging.go:1108.94,1111.34 1 2
github.com/apteva/apps/mcp/crm/messaging.go:1111.34,1113.3 1 1
github.com/apteva/apps/mcp/crm/messaging.go:1116.2,1116.101 1 1
github.com/apteva/apps/mcp/crm/messaging.go:1116.101,1118.3 1 1
github.com/apteva/apps/mcp/crm/messaging.go:1119.2,1131.16 3 0
github.com/apteva/apps/mcp/crm/messaging.go:1131.16,1133.3 1 0
github.com/apteva/apps/mcp/crm/messaging.go:1134.2,1134.32 1 0
github.com/apteva/apps/mcp/crm/messaging.go:1134.32,1135.51 1 0
github.com/apteva/apps/mcp/crm/messaging.go:1135.51,1136.12 1 0
github.com/apteva/apps/mcp/crm/messaging.go:1138.3,1138.66 1 0
github.com/apteva/apps/mcp/crm/messaging.go:1138.66,1140.4 1 0
github.com/apteva/apps/mcp/crm/messaging.go:1142.2,1142.32 1 0
github.com/apteva/apps/mcp/crm/messaging.go:1142.32,1143.35 1 0
github.com/apteva/apps/mcp/crm/messaging.go:1143.35,1144.12 1 0
github.com/apteva/apps/mcp/crm/messaging.go:1146.3,1146.66 1 0
github.com/apteva/apps/mcp/crm/messaging.go:1146.66,1148.4 1 0
github.com/apteva/apps/mcp/crm/messaging.go:1150.2,1150.83 1 0
github.com/apteva/apps/mcp/crm/messaging.go:1153.99,1155.16 2 3
github.com/apteva/apps/mcp/crm/messaging.go:1155.16,1157.3 1 0
github.com/apteva/apps/mcp/crm/messaging.go:1158.2,1159.16 2 3
github.com/apteva/apps/mcp/crm/messaging.go:1159.16,1161.3 1 1
github.com/apteva/apps/mcp/crm/messaging.go:1162.2,1182.23 3 2
github.com/apteva/apps/mcp/crm/messaging.go:1182.23,1184.3 1 0
github.com/apteva/apps/mcp/crm/messaging.go:1185.2,1187.33 3 2
github.com/apteva/apps/mcp/crm/messaging.go:1187.33,1188.37 1 2
github.com/apteva/apps/mcp/crm/messaging.go:1188.37,1189.12 1 1
github.com/apteva/apps/mcp/crm/messaging.go:1191.3,1192.34 2 1
github.com/apteva/apps/mcp/crm/messaging.go:1192.34,1193.43 1 1
github.com/apteva/apps/mcp/crm/messaging.go:1193.43,1195.10 2 1
github.com/apteva/apps/mcp/crm/messaging.go:1198.3,1198.14 1 1
github.com/apteva/apps/mcp/crm/messaging.go:1198.14,1200.26 2 1
github.com/apteva/apps/mcp/crm/messaging.go:1200.26,1202.5 1 1
github.com/apteva/apps/mcp/crm/messaging.go:1202.10,1204.5 1 0
github.com/apteva/apps/mcp/crm/messaging.go:1205.4,1205.9 1 1
github.com/apteva/apps/mcp/crm/messaging.go:1208.2,1214.8 1 2
github.com/apteva/apps/mcp/crm/messaging.go:1217.30,1218.14 1 618
github.com/apteva/apps/mcp/crm/messaging.go:1218.14,1220.3 1 189
github.com/apteva/apps/mcp/crm/messaging.go:1221.2,1221.29 1 429
github.com/apteva/apps/mcp/crm/messaging.go:1221.29,1223.3 1 429
github.com/apteva/apps/mcp/crm/messaging.go:1224.2,1224.22 1 0
github.com/apteva/apps/mcp/crm/messaging.go:1227.79,1228.16 1 133
github.com/apteva/apps/mcp/crm/messaging.go:1228.16,1230.3 1 0
github.com/apteva/apps/mcp/crm/messaging.go:1231.2,1231.34 1 133
github.com/apteva/apps/mcp/crm/messaging.go:1231.34,1235.3 3 0
github.com/apteva/apps/mcp/crm/messaging.go:1236.2,1236.42 1 133
github.com/apteva/apps/mcp/crm/messaging.go:1241.82,1243.2 1 18
github.com/apteva/apps/mcp/crm/messaging.go:1245.79,1247.2 1 1
github.com/apteva/apps/mcp/crm/messaging.go:1249.67,1251.16 2 31
github.com/apteva/apps/mcp/crm/messaging.go:1251.16,1253.3 1 1
github.com/apteva/apps/mcp/crm/messaging.go:1254.2,1254.16 1 30
github.com/apteva/apps/mcp/crm/messaging.go:1254.16,1256.3 1 2
github.com/apteva/apps/mcp/crm/messaging.go:1257.2,1257.19 1 28
github.com/apteva/apps/mcp/crm/messaging.go:1260.75,1262.16 2 4
github.com/apteva/apps/mcp/crm/messaging.go:1262.16,1264.3 1 0
github.com/apteva/apps/mcp/crm/messaging.go:1265.2,1265.15 1 4
github.com/apteva/apps/mcp/crm/messaging.go:1265.15,1267.3 1 1
github.com/apteva/apps/mcp/crm/messaging.go:1268.2,1268.19 1 3
github.com/apteva/apps/mcp/crm/messaging.go:1271.64,1273.29 2 35
github.com/apteva/apps/mcp/crm/messaging.go:1274.15,1276.30 2 1
github.com/apteva/apps/mcp/crm/messaging.go:1276.30,1278.4 1 1
github.com/apteva/apps/mcp/crm/messaging.go:1279.11,1280.23 1 13
github.com/apteva/apps/mcp/crm/messaging.go:1281.13,1282.16 1 21
github.com/apteva/apps/mcp/crm/messaging.go:1283.19,1285.17 2 0
github.com/apteva/apps/mcp/crm/messaging.go:1285.17,1287.4 1 0
github.com/apteva/apps/mcp/crm/messaging.go:1288.3,1288.17 1 0
github.com/apteva/apps/mcp/crm/messaging.go:1289.14,1291.17 2 0
github.com/apteva/apps/mcp/crm/messaging.go:1291.17,1293.4 1 0
github.com/apteva/apps/mcp/crm/messaging.go:1294.3,1294.17 1 0
github.com/apteva/apps/mcp/crm/messaging.go:1295.10,1296.55 1 0
github.com/apteva/apps/mcp/crm/messaging.go:1298.2,1298.19 1 34
github.com/apteva/apps/mcp/crm/messaging.go:1301.93,1303.19 2 32
github.com/apteva/apps/mcp/crm/messaging.go:1303.19,1305.3 1 1
github.com/apteva/apps/mcp/crm/messaging.go:1306.2,1306.19 1 32
github.com/apteva/apps/mcp/crm/messaging.go:1306.19,1308.3 1 1
github.com/apteva/apps/mcp/crm/messaging.go:1309.2,1310.16 2 31
github.com/apteva/apps/mcp/crm/messaging.go:1310.16,1312.3 1 3
github.com/apteva/apps/mcp/crm/messaging.go:1314.2,1315.41 2 28
github.com/apteva/apps/mcp/crm/messaging.go:1315.41,1318.10 3 22
github.com/apteva/apps/mcp/crm/messaging.go:1318.10,1320.4 1 1
github.com/apteva/apps/mcp/crm/messaging.go:1322.2,1323.48 2 27
github.com/apteva/apps/mcp/crm/messaging.go:1323.48,1325.17 2 4
github.com/apteva/apps/mcp/crm/messaging.go:1325.17,1327.4 1 1
github.com/apteva/apps/mcp/crm/messaging.go:1329.2,1330.48 2 26
github.com/apteva/apps/mcp/crm/messaging.go:1330.48,1333.10 3 0
github.com/apteva/apps/mcp/crm/messaging.go:1333.10,1335.4 1 0
github.com/apteva/apps/mcp/crm/messaging.go:1336.3,1336.45 1 0
github.com/apteva/apps/mcp/crm/messaging.go:1338.2,1338.58 1 26
github.com/apteva/apps/mcp/crm/messaging.go:1338.58,1340.3 1 0
github.com/apteva/apps/mcp/crm/messaging.go:1341.2,1342.72 1 26
github.com/apteva/apps/mcp/crm/messaging.go:1342.72,1344.3 1 5
github.com/apteva/apps/mcp/crm/messaging.go:1345.2,1345.47 1 21
github.com/apteva/apps/mcp/crm/messaging.go:1348.55,1349.72 1 8
github.com/apteva/apps/mcp/crm/messaging.go:1349.72,1351.17 2 15
github.com/apteva/apps/mcp/crm/messaging.go:1351.17,1352.12 1 0
github.com/apteva/apps/mcp/crm/messaging.go:1354.3,1355.57 2 15
github.com/apteva/apps/mcp/crm/messaging.go:1355.57,1357.4 1 3
github.com/apteva/apps/mcp/crm/messaging.go:1359.2,1359.14 1 5
github.com/apteva/apps/mcp/crm/messaging.go:1362.95,1363.88 1 29
github.com/apteva/apps/mcp/crm/messaging.go:1363.88,1365.3 1 18
github.com/apteva/apps/mcp/crm/messaging.go:1366.2,1366.54 1 11
github.com/apteva/apps/mcp/crm/messaging.go:1366.54,1368.3 1 1
github.com/apteva/apps/mcp/crm/messaging.go:1369.2,1369.12 1 10
github.com/apteva/apps/mcp/crm/messaging.go:1377.10,1398.2 4 16
github.com/apteva/apps/mcp/crm/messaging.go:1400.42,1402.16 2 16
github.com/apteva/apps/mcp/crm/messaging.go:1402.16,1404.3 1 0
github.com/apteva/apps/mcp/crm/messaging.go:1405.2,1406.38 2 16
github.com/apteva/apps/mcp/crm/messaging.go:1406.38,1408.3 1 0
github.com/apteva/apps/mcp/crm/messaging.go:1409.2,1409.29 1 16
github.com/apteva/apps/mcp/crm/messaging.go:1409.29,1410.85 1 3
github.com/apteva/apps/mcp/crm/messaging.go:1410.85,1413.4 2 3
github.com/apteva/apps/mcp/crm/messaging.go:1415.2,1415.14 1 16
github.com/apteva/apps/mcp/crm/messaging.go:1418.80,1421.2 2 28
github.com/apteva/apps/mcp/crm/messaging.go:1423.42,1428.2 4 13
github.com/apteva/apps/mcp/crm/messaging.go:1434.18,1445.2 1 12
github.com/apteva/apps/mcp/crm/messaging.go:1447.95,1449.16 2 25
github.com/apteva/apps/mcp/crm/messaging.go:1449.16,1451.3 1 0
github.com/apteva/apps/mcp/crm/messaging.go:1452.2,1453.16 2 25
github.com/apteva/apps/mcp/crm/messaging.go:1453.16,1455.3 1 10
github.com/apteva/apps/mcp/crm/messaging.go:1457.2,1458.16 2 15
github.com/apteva/apps/mcp/crm/messaging.go:1458.16,1460.3 1 0
github.com/apteva/apps/mcp/crm/messaging.go:1461.2,1461.14 1 15
github.com/apteva/apps/mcp/crm/messaging.go:1461.14,1463.3 1 0
github.com/apteva/apps/mcp/crm/messaging.go:1465.2,1467.16 3 15
github.com/apteva/apps/mcp/crm/messaging.go:1467.16,1469.3 1 0
github.com/apteva/apps/mcp/crm/messaging.go:1470.2,1470.84 1 15
github.com/apteva/apps/mcp/crm/messaging.go:1470.84,1472.3 1 1
github.com/apteva/apps/mcp/crm/messaging.go:1473.2,1473.32 1 14
github.com/apteva/apps/mcp/crm/messaging.go:1473.32,1475.3 1 0
github.com/apteva/apps/mcp/crm/messaging.go:1476.2,1476.63 1 14
github.com/apteva/apps/mcp/crm/messaging.go:1476.63,1478.3 1 0
github.com/apteva/apps/mcp/crm/messaging.go:1480.2,1480.13 1 14
github.com/apteva/apps/mcp/crm/messaging.go:1480.13,1481.48 1 14
github.com/apteva/apps/mcp/crm/messaging.go:1481.48,1483.23 2 14
github.com/apteva/apps/mcp/crm/messaging.go:1483.23,1487.10 1 0
github.com/apteva/apps/mcp/crm/messaging.go:1489.4,1490.25 2 14
github.com/apteva/apps/mcp/crm/messaging.go:1490.25,1491.10 1 14
github.com/apteva/apps/mcp/crm/messaging.go:1493.4,1495.59 3 0
github.com/apteva/apps/mcp/crm/messaging.go:1495.59,1497.5 1 0
github.com/apteva/apps/mcp/crm/messaging.go:1498.4,1498.15 1 0
github.com/apteva/apps/mcp/crm/messaging.go:1501.2,1501.84 1 14
github.com/apteva/apps/mcp/crm/messaging.go:1501.84,1503.3 1 0
github.com/apteva/apps/mcp/crm/messaging.go:1507.2,1510.31 4 14
github.com/apteva/apps/mcp/crm/messaging.go:1510.31,1512.17 2 0
github.com/apteva/apps/mcp/crm/messaging.go:1512.17,1514.4 1 0
github.com/apteva/apps/mcp/crm/messaging.go:1515.3,1515.15 1 0
github.com/apteva/apps/mcp/crm/messaging.go:1515.15,1517.4 1 0
github.com/apteva/apps/mcp/crm/messaging.go:1518.3,1519.49 2 0
github.com/apteva/apps/mcp/crm/messaging.go:1521.2,1521.16 1 14
github.com/apteva/apps/mcp/crm/messaging.go:1521.16,1523.3 1 1
github.com/apteva/apps/mcp/crm/messaging.go:1524.2,1524.16 1 14
github.com/apteva/apps/mcp/crm/messaging.go:1524.16,1526.3 1 1
github.com/apteva/apps/mcp/crm/messaging.go:1527.2,1536.49 3 13
github.com/apteva/apps/mcp/crm/messaging.go:1536.49,1538.3 1 5
github.com/apteva/apps/mcp/crm/messaging.go:1539.2,1539.59 1 13
github.com/apteva/apps/mcp/crm/messaging.go:1539.59,1541.3 1 1
github.com/apteva/apps/mcp/crm/messaging.go:1542.2,1542.21 1 13
github.com/apteva/apps/mcp/crm/messaging.go:1542.21,1544.3 1 1
github.com/apteva/apps/mcp/crm/messaging.go:1545.2,1545.22 1 13
github.com/apteva/apps/mcp/crm/messaging.go:1545.22,1547.3 1 0
github.com/apteva/apps/mcp/crm/messaging.go:1548.2,1548.40 1 13
github.com/apteva/apps/mcp/crm/messaging.go:1548.40,1549.78 1 1
github.com/apteva/apps/mcp/crm/messaging.go:1549.78,1551.4 1 1
github.com/apteva/apps/mcp/crm/messaging.go:1551.9,1551.76 1 0
github.com/apteva/apps/mcp/crm/messaging.go:1551.76,1553.4 1 0
github.com/apteva/apps/mcp/crm/messaging.go:1555.2,1555.63 1 13
github.com/apteva/apps/mcp/crm/messaging.go:1555.63,1557.3 1 5
github.com/apteva/apps/mcp/crm/messaging.go:1558.2,1558.40 1 13
github.com/apteva/apps/mcp/crm/messaging.go:1558.40,1560.3 1 1
github.com/apteva/apps/mcp/crm/messaging.go:1561.2,1561.51 1 13
github.com/apteva/apps/mcp/crm/messaging.go:1561.51,1563.3 1 1
github.com/apteva/apps/mcp/crm/messaging.go:1565.2,1573.26 6 13
github.com/apteva/apps/mcp/crm/messaging.go:1573.26,1584.3 4 12
github.com/apteva/apps/mcp/crm/messaging.go:1585.2,1590.39 5 13
github.com/apteva/apps/mcp/crm/messaging.go:1590.39,1592.17 2 24
github.com/apteva/apps/mcp/crm/messaging.go:1592.17,1594.4 1 0
github.com/apteva/apps/mcp/crm/messaging.go:1595.3,1595.30 1 24
github.com/apteva/apps/mcp/crm/messaging.go:1595.30,1596.12 1 23
github.com/apteva/apps/mcp/crm/messaging.go:1598.3,1598.40 1 1
github.com/apteva/apps/mcp/crm/messaging.go:1598.40,1600.4 1 0
github.com/apteva/apps/mcp/crm/messaging.go:1601.3,1608.9 1 1
github.com/apteva/apps/mcp/crm/messaging.go:1615.2,1617.17 3 12
github.com/apteva/apps/mcp/crm/messaging.go:1617.17,1619.17 2 5
github.com/apteva/apps/mcp/crm/messaging.go:1619.17,1621.4 1 0
github.com/apteva/apps/mcp/crm/messaging.go:1622.3,1622.45 1 5
github.com/apteva/apps/mcp/crm/messaging.go:1622.45,1624.4 1 0
github.com/apteva/apps/mcp/crm/messaging.go:1625.3,1625.65 1 5
github.com/apteva/apps/mcp/crm/messaging.go:1625.65,1631.4 2 1
github.com/apteva/apps/mcp/crm/messaging.go:1632.8,1632.87 1 7
github.com/apteva/apps/mcp/crm/messaging.go:1632.87,1634.17 2 4
github.com/apteva/apps/mcp/crm/messaging.go:1634.17,1636.4 1 0
github.com/apteva/apps/mcp/crm/messaging.go:1637.3,1637.22 1 4
github.com/apteva/apps/mcp/crm/messaging.go:1637.22,1639.4 1 0
github.com/apteva/apps/mcp/crm/messaging.go:1639.9,1641.18 2 4
github.com/apteva/apps/mcp/crm/messaging.go:1641.18,1643.5 1 0
github.com/apteva/apps/mcp/crm/messaging.go:1644.4,1646.18 3 4
github.com/apteva/apps/mcp/crm/messaging.go:1646.18,1649.5 2 0
github.com/apteva/apps/mcp/crm/messaging.go:1650.4,1650.38 1 4
github.com/apteva/apps/mcp/crm/messaging.go:1650.38,1652.5 1 0
github.com/apteva/apps/mcp/crm/messaging.go:1653.4,1653.54 1 4
github.com/apteva/apps/mcp/crm/messaging.go:1657.2,1658.20 2 12
github.com/apteva/apps/mcp/crm/messaging.go:1658.20,1660.3 1 12
github.com/apteva/apps/mcp/crm/messaging.go:1661.2,1662.26 2 12
github.com/apteva/apps/mcp/crm/messaging.go:1662.26,1665.3 2 0
github.com/apteva/apps/mcp/crm/messaging.go:1667.2,1667.20 1 12
github.com/apteva/apps/mcp/crm/messaging.go:1667.20,1668.14 1 1
github.com/apteva/apps/mcp/crm/messaging.go:1668.14,1674.20 6 1
github.com/apteva/apps/mcp/crm/messaging.go:1674.20,1676.5 1 1
github.com/apteva/apps/mcp/crm/messaging.go:1677.4,1695.6 1 1
github.com/apteva/apps/mcp/crm/messaging.go:1697.3,1697.64 1 1
github.com/apteva/apps/mcp/crm/messaging.go:1700.2,1702.16 3 11
github.com/apteva/apps/mcp/crm/messaging.go:1702.16,1704.3 1 0
github.com/apteva/apps/mcp/crm/messaging.go:1705.2,1706.16 2 11
github.com/apteva/apps/mcp/crm/messaging.go:1706.16,1708.3 1 0
github.com/apteva/apps/mcp/crm/messaging.go:1709.2,1709.29 1 11
github.com/apteva/apps/mcp/crm/messaging.go:1709.29,1710.40 1 0
github.com/apteva/apps/mcp/crm/messaging.go:1710.40,1712.4 1 0
github.com/apteva/apps/mcp/crm/messaging.go:1713.3,1713.103 1 0
github.com/apteva/apps/mcp/crm/messaging.go:1713.103,1715.4 1 0
github.com/apteva/apps/mcp/crm/messaging.go:1716.3,1716.98 1 0
github.com/apteva/apps/mcp/crm/messaging.go:1716.98,1718.4 1 0
github.com/apteva/apps/mcp/crm/messaging.go:1719.3,1726.9 1 0
github.com/apteva/apps/mcp/crm/messaging.go:1731.2,1732.61 2 11
github.com/apteva/apps/mcp/crm/messaging.go:1732.61,1734.17 2 3
github.com/apteva/apps/mcp/crm/messaging.go:1734.17,1738.18 4 3
github.com/apteva/apps/mcp/crm/messaging.go:1738.18,1740.5 1 0
github.com/apteva/apps/mcp/crm/messaging.go:1740.10,1740.45 1 3
github.com/apteva/apps/mcp/crm/messaging.go:1740.45,1743.5 2 3
github.com/apteva/apps/mcp/crm/messaging.go:1747.2,1748.12 2 11
github.com/apteva/apps/mcp/crm/messaging.go:1748.12,1750.3 1 0
github.com/apteva/apps/mcp/crm/messaging.go:1751.2,1752.43 2 11
github.com/apteva/apps/mcp/crm/messaging.go:1752.43,1754.3 1 1
github.com/apteva/apps/mcp/crm/messaging.go:1755.2,1755.81 1 11
github.com/apteva/apps/mcp/crm/messaging.go:1755.81,1757.3 1 4
github.com/apteva/apps/mcp/crm/messaging.go:1758.2,1759.29 2 11
github.com/apteva/apps/mcp/crm/messaging.go:1759.29,1761.3 1 11
github.com/apteva/apps/mcp/crm/messaging.go:1762.2,1782.45 2 11
github.com/apteva/apps/mcp/crm/messaging.go:1782.45,1783.32 1 0
github.com/apteva/apps/mcp/crm/messaging.go:1783.32,1793.4 1 0
github.com/apteva/apps/mcp/crm/messaging.go:1794.3,1795.23 2 0
github.com/apteva/apps/mcp/crm/messaging.go:1795.23,1797.4 1 0
github.com/apteva/apps/mcp/crm/messaging.go:1798.3,1798.30 1 0
github.com/apteva/apps/mcp/crm/messaging.go:1798.30,1800.4 1 0
github.com/apteva/apps/mcp/crm/messaging.go:1801.3,1801.40 1 0
github.com/apteva/apps/mcp/crm/messaging.go:1801.40,1803.4 1 0
github.com/apteva/apps/mcp/crm/messaging.go:1804.3,1804.103 1 0
github.com/apteva/apps/mcp/crm/messaging.go:1804.103,1806.4 1 0
github.com/apteva/apps/mcp/crm/messaging.go:1807.3,1807.98 1 0
github.com/apteva/apps/mcp/crm/messaging.go:1807.98,1809.4 1 0
github.com/apteva/apps/mcp/crm/messaging.go:1810.3,1817.9 1 0
github.com/apteva/apps/mcp/crm/messaging.go:1819.2,1819.16 1 11
github.com/apteva/apps/mcp/crm/messaging.go:1819.16,1821.3 1 0
github.com/apteva/apps/mcp/crm/messaging.go:1822.2,1822.24 1 11
github.com/apteva/apps/mcp/crm/messaging.go:1822.24,1827.115 2 11
github.com/apteva/apps/mcp/crm/messaging.go:1827.115,1829.4 1 0
github.com/apteva/apps/mcp/crm/messaging.go:1829.9,1829.39 1 11
github.com/apteva/apps/mcp/crm/messaging.go:1829.39,1837.4 1 10
github.com/apteva/apps/mcp/crm/messaging.go:1839.2,1855.8 2 11
github.com/apteva/apps/mcp/crm/messaging.go:1860.76,1862.16 2 7
github.com/apteva/apps/mcp/crm/messaging.go:1862.16,1864.3 1 0
github.com/apteva/apps/mcp/crm/messaging.go:1865.2,1866.16 2 7
github.com/apteva/apps/mcp/crm/messaging.go:1866.16,1868.3 1 1
github.com/apteva/apps/mcp/crm/messaging.go:1870.2,1872.17 3 6
github.com/apteva/apps/mcp/crm/messaging.go:1872.17,1874.17 2 5
github.com/apteva/apps/mcp/crm/messaging.go:1874.17,1876.4 1 0
github.com/apteva/apps/mcp/crm/messaging.go:1877.3,1877.45 1 5
github.com/apteva/apps/mcp/crm/messaging.go:1877.45,1879.4 1 1
github.com/apteva/apps/mcp/crm/messaging.go:1880.8,1890.48 3 1
github.com/apteva/apps/mcp/crm/messaging.go:1890.48,1891.37 1 0
github.com/apteva/apps/mcp/crm/messaging.go:1891.37,1893.5 1 0
github.com/apteva/apps/mcp/crm/messaging.go:1894.4,1894.19 1 0
github.com/apteva/apps/mcp/crm/messaging.go:1896.3,1897.33 2 1
github.com/apteva/apps/mcp/crm/messaging.go:1897.33,1899.4 1 0
github.com/apteva/apps/mcp/crm/messaging.go:1902.2,1908.46 2 5
github.com/apteva/apps/mcp/crm/messaging.go:1908.46,1910.3 1 5
github.com/apteva/apps/mcp/crm/messaging.go:1911.2,1911.54 1 5
github.com/apteva/apps/mcp/crm/messaging.go:1911.54,1913.3 1 0
github.com/apteva/apps/mcp/crm/messaging.go:1914.2,1914.59 1 5
github.com/apteva/apps/mcp/crm/messaging.go:1914.59,1916.3 1 1
github.com/apteva/apps/mcp/crm/messaging.go:1917.2,1917.20 1 5
github.com/apteva/apps/mcp/crm/messaging.go:1917.20,1919.3 1 0
github.com/apteva/apps/mcp/crm/messaging.go:1920.2,1920.22 1 5
github.com/apteva/apps/mcp/crm/messaging.go:1920.22,1922.3 1 0
github.com/apteva/apps/mcp/crm/messaging.go:1923.2,1923.60 1 5
github.com/apteva/apps/mcp/crm/messaging.go:1923.60,1925.3 1 0
github.com/apteva/apps/mcp/crm/messaging.go:1925.8,1925.58 1 5
github.com/apteva/apps/mcp/crm/messaging.go:1925.58,1927.3 1 0
github.com/apteva/apps/mcp/crm/messaging.go:1928.2,1928.40 1 5
github.com/apteva/apps/mcp/crm/messaging.go:1928.40,1930.3 1 0
github.com/apteva/apps/mcp/crm/messaging.go:1931.2,1931.51 1 5
github.com/apteva/apps/mcp/crm/messaging.go:1931.51,1933.3 1 1
github.com/apteva/apps/mcp/crm/messaging.go:1934.2,1934.49 1 5
github.com/apteva/apps/mcp/crm/messaging.go:1934.49,1936.3 1 0
github.com/apteva/apps/mcp/crm/messaging.go:1936.8,1936.65 1 5
github.com/apteva/apps/mcp/crm/messaging.go:1936.65,1938.3 1 1
github.com/apteva/apps/mcp/crm/messaging.go:1939.2,1939.57 1 5
github.com/apteva/apps/mcp/crm/messaging.go:1939.57,1941.3 1 1
github.com/apteva/apps/mcp/crm/messaging.go:1942.2,1942.57 1 5
github.com/apteva/apps/mcp/crm/messaging.go:1942.57,1944.3 1 0
github.com/apteva/apps/mcp/crm/messaging.go:1945.2,1945.48 1 5
github.com/apteva/apps/mcp/crm/messaging.go:1958.86,1960.16 2 6
github.com/apteva/apps/mcp/crm/messaging.go:1960.16,1962.3 1 0
github.com/apteva/apps/mcp/crm/messaging.go:1963.2,1964.101 2 6
github.com/apteva/apps/mcp/crm/messaging.go:1964.101,1966.3 1 0
github.com/apteva/apps/mcp/crm/messaging.go:1967.2,1968.31 2 6
github.com/apteva/apps/mcp/crm/messaging.go:1968.31,1970.3 1 0
github.com/apteva/apps/mcp/crm/messaging.go:1972.2,1974.53 3 6
github.com/apteva/apps/mcp/crm/messaging.go:1974.53,1984.3 2 6
github.com/apteva/apps/mcp/crm/messaging.go:1985.2,1985.17 1 6
github.com/apteva/apps/mcp/crm/messaging.go:1986.20,1987.57 1 4
github.com/apteva/apps/mcp/crm/messaging.go:1988.35,1989.52 1 2
github.com/apteva/apps/mcp/crm/messaging.go:1990.10,1994.84 4 0
github.com/apteva/apps/mcp/crm/messaging.go:2000.2,2000.80 1 6
github.com/apteva/apps/mcp/crm/messaging.go:2000.80,2004.3 2 5
github.com/apteva/apps/mcp/crm/messaging.go:2005.2,2031.16 3 6
github.com/apteva/apps/mcp/crm/messaging.go:2031.16,2033.3 1 0
github.com/apteva/apps/mcp/crm/messaging.go:2034.2,2036.18 3 6
github.com/apteva/apps/mcp/crm/messaging.go:2036.18,2039.117 3 5
github.com/apteva/apps/mcp/crm/messaging.go:2039.117,2041.19 2 5
github.com/apteva/apps/mcp/crm/messaging.go:2041.19,2043.5 1 4
github.com/apteva/apps/mcp/crm/messaging.go:2044.4,2044.17 1 5
github.com/apteva/apps/mcp/crm/messaging.go:2044.17,2046.5 1 0
github.com/apteva/apps/mcp/crm/messaging.go:2047.4,2047.22 1 5
github.com/apteva/apps/mcp/crm/messaging.go:2047.22,2049.5 1 1
github.com/apteva/apps/mcp/crm/messaging.go:2050.4,2050.24 1 5
github.com/apteva/apps/mcp/crm/messaging.go:2053.2,2053.64 1 6
github.com/apteva/apps/mcp/crm/messaging.go:2058.88,2060.16 2 1
github.com/apteva/apps/mcp/crm/messaging.go:2060.16,2062.3 1 0
github.com/apteva/apps/mcp/crm/messaging.go:2063.2,2064.14 2 1
github.com/apteva/apps/mcp/crm/messaging.go:2064.14,2066.3 1 0
github.com/apteva/apps/mcp/crm/messaging.go:2067.2,2067.14 1 1
github.com/apteva/apps/mcp/crm/messaging.go:2067.14,2069.3 1 0
github.com/apteva/apps/mcp/crm/messaging.go:2070.2,2072.44 3 1
github.com/apteva/apps/mcp/crm/messaging.go:2072.44,2074.3 1 0
github.com/apteva/apps/mcp/crm/messaging.go:2075.2,2077.16 3 1
github.com/apteva/apps/mcp/crm/messaging.go:2077.16,2079.3 1 0
github.com/apteva/apps/mcp/crm/messaging.go:2080.2,2080.69 1 1
github.com/apteva/apps/mcp/crm/messaging.go:2085.92,2087.16 2 13
github.com/apteva/apps/mcp/crm/messaging.go:2087.16,2089.3 1 0
github.com/apteva/apps/mcp/crm/messaging.go:2090.2,2091.18 2 13
github.com/apteva/apps/mcp/crm/messaging.go:2091.18,2093.3 1 1
github.com/apteva/apps/mcp/crm/messaging.go:2094.2,2095.44 2 12
github.com/apteva/apps/mcp/crm/messaging.go:2095.44,2097.3 1 1
github.com/apteva/apps/mcp/crm/messaging.go:2098.2,2099.50 2 11
github.com/apteva/apps/mcp/crm/messaging.go:2099.50,2101.3 1 1
github.com/apteva/apps/mcp/crm/messaging.go:2102.2,2102.36 1 10
github.com/apteva/apps/mcp/crm/messaging.go:2102.36,2104.3 1 1
github.com/apteva/apps/mcp/crm/messaging.go:2106.2,2107.16 2 9
github.com/apteva/apps/mcp/crm/messaging.go:2107.16,2109.3 1 0
github.com/apteva/apps/mcp/crm/messaging.go:2110.2,2110.18 1 9
github.com/apteva/apps/mcp/crm/messaging.go:2110.18,2112.3 1 1
github.com/apteva/apps/mcp/crm/messaging.go:2114.2,2115.14 2 8
github.com/apteva/apps/mcp/crm/messaging.go:2115.14,2117.3 1 7
github.com/apteva/apps/mcp/crm/messaging.go:2118.2,2118.40 1 8
github.com/apteva/apps/mcp/crm/messaging.go:2118.40,2120.3 1 1
github.com/apteva/apps/mcp/crm/messaging.go:2122.2,2122.96 1 7
github.com/apteva/apps/mcp/crm/messaging.go:2122.96,2124.3 1 0
github.com/apteva/apps/mcp/crm/messaging.go:2125.2,2126.16 2 7
github.com/apteva/apps/mcp/crm/messaging.go:2126.16,2128.3 1 0
github.com/apteva/apps/mcp/crm/messaging.go:2129.2,2130.22 2 7
github.com/apteva/apps/mcp/crm/messaging.go:2130.22,2132.3 1 2
github.com/apteva/apps/mcp/crm/messaging.go:2133.2,2140.54 3 7
github.com/apteva/apps/mcp/crm/messaging.go:2140.54,2142.3 1 2
github.com/apteva/apps/mcp/crm/messaging.go:2143.2,2143.17 1 7
github.com/apteva/apps/mcp/crm/messaging.go:2146.86,2148.16 2 1
github.com/apteva/apps/mcp/crm/messaging.go:2148.16,2150.3 1 0
github.com/apteva/apps/mcp/crm/messaging.go:2151.2,2152.14 2 1
github.com/apteva/apps/mcp/crm/messaging.go:2152.14,2154.3 1 1
github.com/apteva/apps/mcp/crm/messaging.go:2155.2,2156.18 2 1
github.com/apteva/apps/mcp/crm/messaging.go:2156.18,2158.3 1 0
github.com/apteva/apps/mcp/crm/messaging.go:2159.2,2160.16 2 1
github.com/apteva/apps/mcp/crm/messaging.go:2160.16,2162.3 1 0
github.com/apteva/apps/mcp/crm/messaging.go:2163.2,2163.58 1 1
github.com/apteva/apps/mcp/crm/messaging.go:2163.58,2165.3 1 0
github.com/apteva/apps/mcp/crm/messaging.go:2166.2,2169.16 4 1
github.com/apteva/apps/mcp/crm/messaging.go:2169.16,2171.3 1 0
github.com/apteva/apps/mcp/crm/messaging.go:2172.2,2177.37 2 1
github.com/apteva/apps/mcp/crm/messaging.go:2177.37,2179.3 1 0
github.com/apteva/apps/mcp/crm/messaging.go:2180.2,2187.8 2 1
github.com/apteva/apps/mcp/crm/messaging.go:2198.137,2199.44 1 25
github.com/apteva/apps/mcp/crm/messaging.go:2199.44,2201.3 1 0
github.com/apteva/apps/mcp/crm/messaging.go:2202.2,2207.16 2 25
github.com/apteva/apps/mcp/crm/messaging.go:2207.16,2209.3 1 0
github.com/apteva/apps/mcp/crm/messaging.go:2210.2,2211.26 2 25
github.com/apteva/apps/mcp/crm/messaging.go:2211.26,2213.70 2 48
github.com/apteva/apps/mcp/crm/messaging.go:2213.70,2214.12 1 0
github.com/apteva/apps/mcp/crm/messaging.go:2216.3,2217.17 2 48
github.com/apteva/apps/mcp/crm/messaging.go:2217.17,2218.12 1 0
github.com/apteva/apps/mcp/crm/messaging.go:2220.3,2221.23 2 48
github.com/apteva/apps/mcp/crm/messaging.go:2221.23,2223.4 1 25
github.com/apteva/apps/mcp/crm/messaging.go:2224.3,2225.30 2 48
github.com/apteva/apps/mcp/crm/messaging.go:2225.30,2227.4 1 24
github.com/apteva/apps/mcp/crm/messaging.go:2228.3,2228.93 1 48
github.com/apteva/apps/mcp/crm/messaging.go:2228.93,2230.4 1 0
github.com/apteva/apps/mcp/crm/messaging.go:2232.2,2232.12 1 25
github.com/apteva/apps/mcp/crm/messaging.go:2235.63,2236.29 1 97
github.com/apteva/apps/mcp/crm/messaging.go:2236.29,2238.3 1 37
github.com/apteva/apps/mcp/crm/messaging.go:2239.2,2239.57 1 60
github.com/apteva/apps/mcp/crm/messaging.go:2239.57,2241.3 1 60
github.com/apteva/apps/mcp/crm/messaging.go:2242.2,2242.49 1 0
github.com/apteva/apps/mcp/crm/messaging.go:2251.71,2253.36 2 7
github.com/apteva/apps/mcp/crm/messaging.go:2253.36,2255.10 2 2
github.com/apteva/apps/mcp/crm/messaging.go:2255.10,2257.4 1 0
github.com/apteva/apps/mcp/crm/messaging.go:2258.3,2258.30 1 2
github.com/apteva/apps/mcp/crm/messaging.go:2258.30,2260.11 2 2
github.com/apteva/apps/mcp/crm/messaging.go:2260.11,2262.5 1 0
github.com/apteva/apps/mcp/crm/messaging.go:2263.4,2267.6 1 2
github.com/apteva/apps/mcp/crm/messaging.go:2270.2,2281.4 1 7
github.com/apteva/apps/mcp/crm/messaging.go:2281.4,2282.59 1 49
github.com/apteva/apps/mcp/crm/messaging.go:2282.59,2284.4 1 3
github.com/apteva/apps/mcp/crm/messaging.go:2286.2,2286.46 1 7
github.com/apteva/apps/mcp/crm/messaging.go:2286.46,2288.3 1 1
github.com/apteva/apps/mcp/crm/messaging.go:2289.2,2289.49 1 7
github.com/apteva/apps/mcp/crm/messaging.go:2289.49,2291.3 1 0
github.com/apteva/apps/mcp/crm/messaging.go:2292.2,2292.17 1 7
github.com/apteva/apps/mcp/crm/messaging.go:2295.76,2298.28 3 9
github.com/apteva/apps/mcp/crm/messaging.go:2298.28,2299.20 1 6
github.com/apteva/apps/mcp/crm/messaging.go:2299.20,2300.12 1 0
github.com/apteva/apps/mcp/crm/messaging.go:2302.3,2303.15 2 6
github.com/apteva/apps/mcp/crm/messaging.go:2303.15,2305.4 1 0
github.com/apteva/apps/mcp/crm/messaging.go:2306.3,2307.17 2 6
github.com/apteva/apps/mcp/crm/messaging.go:2307.17,2309.4 1 0
github.com/apteva/apps/mcp/crm/messaging.go:2310.3,2310.19 1 6
github.com/apteva/apps/mcp/crm/messaging.go:2310.19,2313.4 2 6
github.com/apteva/apps/mcp/crm/messaging.go:2315.2,2315.25 1 9
github.com/apteva/apps/mcp/crm/messaging.go:2318.81,2319.15 1 6
github.com/apteva/apps/mcp/crm/messaging.go:2320.17,2321.52 1 1
github.com/apteva/apps/mcp/crm/messaging.go:2322.18,2323.72 1 0
github.com/apteva/apps/mcp/crm/messaging.go:2324.17,2326.14 2 0
github.com/apteva/apps/mcp/crm/messaging.go:2326.14,2328.4 1 0
github.com/apteva/apps/mcp/crm/messaging.go:2329.3,2330.17 2 0
github.com/apteva/apps/mcp/crm/messaging.go:2330.17,2332.4 1 0
github.com/apteva/apps/mcp/crm/messaging.go:2333.3,2337.31 1 0
github.com/apteva/apps/mcp/crm/messaging.go:2338.25,2340.14 2 1
github.com/apteva/apps/mcp/crm/messaging.go:2340.14,2342.4 1 0
github.com/apteva/apps/mcp/crm/messaging.go:2343.3,2346.21 1 1
github.com/apteva/apps/mcp/crm/messaging.go:2347.13,2349.16 2 1
github.com/apteva/apps/mcp/crm/messaging.go:2349.16,2351.4 1 0
github.com/apteva/apps/mcp/crm/messaging.go:2352.3,2355.22 1 1
github.com/apteva/apps/mcp/crm/messaging.go:2356.33,2357.50 1 3
github.com/apteva/apps/mcp/crm/messaging.go:2359.2,2359.72 1 0
github.com/apteva/apps/mcp/crm/messaging.go:2362.74,2364.13 2 1
github.com/apteva/apps/mcp/crm/messaging.go:2364.13,2366.3 1 0
github.com/apteva/apps/mcp/crm/messaging.go:2367.2,2367.12 1 1
github.com/apteva/apps/mcp/crm/messaging.go:2368.18,2369.37 1 1
github.com/apteva/apps/mcp/crm/messaging.go:2370.23,2371.38 1 0
github.com/apteva/apps/mcp/crm/messaging.go:2372.12,2374.21 2 0
github.com/apteva/apps/mcp/crm/messaging.go:2374.21,2376.4 1 0
github.com/apteva/apps/mcp/crm/messaging.go:2377.3,2379.26 3 0
github.com/apteva/apps/mcp/crm/messaging.go:2379.26,2381.4 1 0
github.com/apteva/apps/mcp/crm/messaging.go:2382.3,2382.45 1 0
github.com/apteva/apps/mcp/crm/messaging.go:2384.2,2384.65 1 0
github.com/apteva/apps/mcp/crm/messaging.go:2387.80,2388.16 1 3
github.com/apteva/apps/mcp/crm/messaging.go:2388.16,2390.21 2 0
github.com/apteva/apps/mcp/crm/messaging.go:2390.21,2392.4 1 0
github.com/apteva/apps/mcp/crm/messaging.go:2393.3,2394.26 2 0
github.com/apteva/apps/mcp/crm/messaging.go:2394.26,2396.4 1 0
github.com/apteva/apps/mcp/crm/messaging.go:2397.3,2402.16 2 0
github.com/apteva/apps/mcp/crm/messaging.go:2404.2,2405.15 2 3
github.com/apteva/apps/mcp/crm/messaging.go:2405.15,2407.3 1 0
github.com/apteva/apps/mcp/crm/messaging.go:2408.2,2408.12 1 3
github.com/apteva/apps/mcp/crm/messaging.go:2409.18,2417.16 4 1
github.com/apteva/apps/mcp/crm/messaging.go:2418.23,2426.16 4 0
github.com/apteva/apps/mcp/crm/messaging.go:2427.18,2432.57 1 0
github.com/apteva/apps/mcp/crm/messaging.go:2433.16,2439.26 2 2
github.com/apteva/apps/mcp/crm/messaging.go:2441.2,2441.65 1 0
github.com/apteva/apps/mcp/crm/messaging.go:2444.53,2451.4 3 1
github.com/apteva/apps/mcp/crm/messaging.go:2451.4,2452.25 1 3
github.com/apteva/apps/mcp/crm/messaging.go:2452.25,2453.12 1 2
github.com/apteva/apps/mcp/crm/messaging.go:2455.3,2456.23 2 1
github.com/apteva/apps/mcp/crm/messaging.go:2458.2,2458.12 1 1
github.com/apteva/apps/mcp/crm/messaging.go:2461.31,2462.23 1 27
github.com/apteva/apps/mcp/crm/messaging.go:2463.11,2464.12 1 12
github.com/apteva/apps/mcp/crm/messaging.go:2465.14,2466.11 1 15
github.com/apteva/apps/mcp/crm/messaging.go:2467.20,2468.20 1 0
github.com/apteva/apps/mcp/crm/messaging.go:2469.10,2470.23 1 0
github.com/apteva/apps/mcp/crm/messaging.go:2474.42,2475.23 1 0
github.com/apteva/apps/mcp/crm/messaging.go:2476.13,2478.26 2 0
github.com/apteva/apps/mcp/crm/messaging.go:2478.26,2479.57 1 0
github.com/apteva/apps/mcp/crm/messaging.go:2479.57,2481.5 1 0
github.com/apteva/apps/mcp/crm/messaging.go:2483.3,2483.13 1 0
github.com/apteva/apps/mcp/crm/messaging.go:2484.16,2485.11 1 0
github.com/apteva/apps/mcp/crm/messaging.go:2486.14,2487.33 1 0
github.com/apteva/apps/mcp/crm/messaging.go:2487.33,2489.4 1 0
github.com/apteva/apps/mcp/crm/messaging.go:2490.3,2490.21 1 0
github.com/apteva/apps/mcp/crm/messaging.go:2491.10,2492.13 1 0
github.com/apteva/apps/mcp/crm/messaging.go:2517.127,2518.31 1 9
github.com/apteva/apps/mcp/crm/messaging.go:2518.31,2520.3 1 0
github.com/apteva/apps/mcp/crm/messaging.go:2521.2,2521.16 1 9
github.com/apteva/apps/mcp/crm/messaging.go:2521.16,2523.3 1 0
github.com/apteva/apps/mcp/crm/messaging.go:2524.2,2526.52 3 9
github.com/apteva/apps/mcp/crm/messaging.go:2527.18,2528.54 1 1
github.com/apteva/apps/mcp/crm/messaging.go:2529.13,2529.13 0 8
github.com/apteva/apps/mcp/crm/messaging.go:2531.10,2533.66 2 0
github.com/apteva/apps/mcp/crm/messaging.go:2535.2,2536.16 2 9
github.com/apteva/apps/mcp/crm/messaging.go:2536.16,2538.3 1 0
github.com/apteva/apps/mcp/crm/messaging.go:2539.2,2539.37 1 9
github.com/apteva/apps/mcp/crm/messaging.go:2539.37,2541.3 1 6
github.com/apteva/apps/mcp/crm/messaging.go:2542.2,2551.29 4 9
github.com/apteva/apps/mcp/crm/messaging.go:2551.29,2553.3 1 0
github.com/apteva/apps/mcp/crm/messaging.go:2554.2,2570.16 3 9
github.com/apteva/apps/mcp/crm/messaging.go:2570.16,2572.3 1 0
github.com/apteva/apps/mcp/crm/messaging.go:2573.2,2575.18 3 9
github.com/apteva/apps/mcp/crm/messaging.go:2575.18,2580.36 3 10
github.com/apteva/apps/mcp/crm/messaging.go:2580.36,2582.4 1 0
github.com/apteva/apps/mcp/crm/messaging.go:2583.3,2585.23 3 10
github.com/apteva/apps/mcp/crm/messaging.go:2587.2,2587.31 1 9
github.com/apteva/apps/mcp/crm/messaging.go:2592.76,2594.16 2 7
github.com/apteva/apps/mcp/crm/messaging.go:2594.16,2596.3 1 0
github.com/apteva/apps/mcp/crm/messaging.go:2597.2,2601.16 5 7
github.com/apteva/apps/mcp/crm/messaging.go:2601.16,2603.3 1 0
github.com/apteva/apps/mcp/crm/messaging.go:2604.2,2605.16 2 7
github.com/apteva/apps/mcp/crm/messaging.go:2605.16,2607.3 1 0
github.com/apteva/apps/mcp/crm/messaging.go:2608.2,2608.99 1 7
github.com/apteva/apps/mcp/crm/messaging.go:2613.89,2615.16 2 0
github.com/apteva/apps/mcp/crm/messaging.go:2615.16,2617.3 1 0
github.com/apteva/apps/mcp/crm/messaging.go:2618.2,2626.41 2 0
github.com/apteva/apps/mcp/crm/messaging.go:2626.41,2628.3 1 0
github.com/apteva/apps/mcp/crm/messaging.go:2629.2,2629.52 1 0
github.com/apteva/apps/mcp/crm/messaging.go:2629.52,2631.3 1 0
github.com/apteva/apps/mcp/crm/messaging.go:2632.2,2633.16 2 0
github.com/apteva/apps/mcp/crm/messaging.go:2633.16,2635.3 1 0
github.com/apteva/apps/mcp/crm/messaging.go:2636.2,2637.39 2 0
github.com/apteva/apps/mcp/crm/messaging.go:2640.87,2642.16 2 0
github.com/apteva/apps/mcp/crm/messaging.go:2642.16,2644.3 1 0
github.com/apteva/apps/mcp/crm/messaging.go:2645.2,2646.16 2 0
github.com/apteva/apps/mcp/crm/messaging.go:2646.16,2648.3 1 0
github.com/apteva/apps/mcp/crm/messaging.go:2649.2,2649.65 1 0
github.com/apteva/apps/mcp/crm/messaging.go:2652.89,2654.16 2 0
github.com/apteva/apps/mcp/crm/messaging.go:2654.16,2656.3 1 0
github.com/apteva/apps/mcp/crm/messaging.go:2657.2,2658.13 2 0
github.com/apteva/apps/mcp/crm/messaging.go:2658.13,2660.3 1 0
github.com/apteva/apps/mcp/crm/messaging.go:2661.2,2661.66 1 0
github.com/apteva/apps/mcp/crm/messaging.go:2661.66,2663.3 1 0
github.com/apteva/apps/mcp/crm/messaging.go:2664.2,2664.50 1 0
github.com/apteva/apps/mcp/crm/messaging.go:2691.69,2692.33 1 5
github.com/apteva/apps/mcp/crm/messaging.go:2692.33,2695.3 2 0
github.com/apteva/apps/mcp/crm/messaging.go:2696.2,2697.16 2 5
github.com/apteva/apps/mcp/crm/messaging.go:2697.16,2700.3 2 0
github.com/apteva/apps/mcp/crm/messaging.go:2701.2,2702.52 2 5
github.com/apteva/apps/mcp/crm/messaging.go:2702.52,2705.3 2 0
github.com/apteva/apps/mcp/crm/messaging.go:2706.2,2706.43 1 5
github.com/apteva/apps/mcp/crm/messaging.go:2706.43,2709.3 2 0
github.com/apteva/apps/mcp/crm/messaging.go:2710.2,2711.16 2 5
github.com/apteva/apps/mcp/crm/messaging.go:2711.16,2714.3 2 0
github.com/apteva/apps/mcp/crm/messaging.go:2715.2,2715.18 1 5
github.com/apteva/apps/mcp/crm/messaging.go:2718.94,2720.16 2 1
github.com/apteva/apps/mcp/crm/messaging.go:2720.16,2722.3 1 0
github.com/apteva/apps/mcp/crm/messaging.go:2723.2,2740.57 2 1
github.com/apteva/apps/mcp/crm/messaging.go:2740.57,2742.3 1 0
github.com/apteva/apps/mcp/crm/messaging.go:2742.8,2744.3 1 1
github.com/apteva/apps/mcp/crm/messaging.go:2745.2,2746.16 2 1
github.com/apteva/apps/mcp/crm/messaging.go:2746.16,2748.3 1 0
github.com/apteva/apps/mcp/crm/messaging.go:2749.2,2750.43 2 1
github.com/apteva/apps/mcp/crm/messaging.go:2750.43,2752.3 1 0
github.com/apteva/apps/mcp/crm/messaging.go:2753.2,2753.38 1 1
github.com/apteva/apps/mcp/crm/messaging.go:2756.63,2757.31 1 3
github.com/apteva/apps/mcp/crm/messaging.go:2758.16,2759.34 1 0
github.com/apteva/apps/mcp/crm/messaging.go:2760.13,2762.26 2 1
github.com/apteva/apps/mcp/crm/messaging.go:2762.26,2764.15 2 1
github.com/apteva/apps/mcp/crm/messaging.go:2764.15,2766.5 1 1
github.com/apteva/apps/mcp/crm/messaging.go:2768.3,2768.13 1 1
github.com/apteva/apps/mcp/crm/messaging.go:2769.14,2770.33 1 0
github.com/apteva/apps/mcp/crm/messaging.go:2770.33,2772.4 1 0
github.com/apteva/apps/mcp/crm/messaging.go:2773.3,2773.40 1 0
github.com/apteva/apps/mcp/crm/messaging.go:2774.10,2775.13 1 2
github.com/apteva/apps/mcp/crm/messaging.go:2779.94,2780.16 1 12
github.com/apteva/apps/mcp/crm/messaging.go:2780.16,2782.3 1 0
github.com/apteva/apps/mcp/crm/messaging.go:2783.2,2783.43 1 12
github.com/apteva/apps/mcp/crm/messaging.go:2783.43,2785.3 1 0
github.com/apteva/apps/mcp/crm/messaging.go:2786.2,2789.25 3 12
github.com/apteva/apps/mcp/crm/messaging.go:2789.25,2797.17 3 7
github.com/apteva/apps/mcp/crm/messaging.go:2797.17,2798.91 1 2
github.com/apteva/apps/mcp/crm/messaging.go:2798.91,2800.5 1 0
github.com/apteva/apps/mcp/crm/messaging.go:2801.4,2807.10 1 2
github.com/apteva/apps/mcp/crm/messaging.go:2809.3,2809.27 1 5
github.com/apteva/apps/mcp/crm/messaging.go:2809.27,2811.4 1 0
github.com/apteva/apps/mcp/crm/messaging.go:2816.2,2817.15 2 10
github.com/apteva/apps/mcp/crm/messaging.go:2817.15,2823.3 1 1
github.com/apteva/apps/mcp/crm/messaging.go:2825.2,2826.16 2 9
github.com/apteva/apps/mcp/crm/messaging.go:2826.16,2828.3 1 0
github.com/apteva/apps/mcp/crm/messaging.go:2829.2,2830.20 2 9
github.com/apteva/apps/mcp/crm/messaging.go:2830.20,2836.17 3 6
github.com/apteva/apps/mcp/crm/messaging.go:2836.17,2838.4 1 0
github.com/apteva/apps/mcp/crm/messaging.go:2839.3,2840.31 2 6
github.com/apteva/apps/mcp/crm/messaging.go:2840.31,2853.4 1 0
github.com/apteva/apps/mcp/crm/messaging.go:2859.2,2861.16 3 9
github.com/apteva/apps/mcp/crm/messaging.go:2861.16,2863.3 1 0
github.com/apteva/apps/mcp/crm/messaging.go:2864.2,2864.35 1 9
github.com/apteva/apps/mcp/crm/messaging.go:2864.35,2866.3 1 0
github.com/apteva/apps/mcp/crm/messaging.go:2868.2,2869.16 2 9
github.com/apteva/apps/mcp/crm/messaging.go:2869.16,2871.3 1 0
github.com/apteva/apps/mcp/crm/messaging.go:2873.2,2875.16 3 9
github.com/apteva/apps/mcp/crm/messaging.go:2875.16,2877.3 1 0
github.com/apteva/apps/mcp/crm/messaging.go:2878.2,2878.17 1 9
github.com/apteva/apps/mcp/crm/messaging.go:2878.17,2879.82 1 1
github.com/apteva/apps/mcp/crm/messaging.go:2879.82,2881.4 1 0
github.com/apteva/apps/mcp/crm/messaging.go:2882.8,2887.17 2 8
github.com/apteva/apps/mcp/crm/messaging.go:2887.17,2889.4 1 0
github.com/apteva/apps/mcp/crm/messaging.go:2892.2,2893.20 2 9
github.com/apteva/apps/mcp/crm/messaging.go:2893.20,2895.3 1 9
github.com/apteva/apps/mcp/crm/messaging.go:2896.2,2897.56 2 9
github.com/apteva/apps/mcp/crm/messaging.go:2897.56,2899.3 1 3
github.com/apteva/apps/mcp/crm/messaging.go:2901.2,2922.45 2 9
github.com/apteva/apps/mcp/crm/messaging.go:2922.45,2926.23 2 0
github.com/apteva/apps/mcp/crm/messaging.go:2926.23,2928.4 1 0
github.com/apteva/apps/mcp/crm/messaging.go:2929.3,2929.22 1 0
github.com/apteva/apps/mcp/crm/messaging.go:2929.22,2930.92 1 0
github.com/apteva/apps/mcp/crm/messaging.go:2930.92,2932.5 1 0
github.com/apteva/apps/mcp/crm/messaging.go:2933.4,2933.165 1 0
github.com/apteva/apps/mcp/crm/messaging.go:2935.3,2935.58 1 0
github.com/apteva/apps/mcp/crm/messaging.go:2937.2,2937.16 1 9
github.com/apteva/apps/mcp/crm/messaging.go:2937.16,2939.3 1 0
github.com/apteva/apps/mcp/crm/messaging.go:2940.2,2942.29 3 9
github.com/apteva/apps/mcp/crm/messaging.go:2942.29,2944.31 2 9
github.com/apteva/apps/mcp/crm/messaging.go:2944.31,2945.12 1 0
github.com/apteva/apps/mcp/crm/messaging.go:2947.3,2948.74 2 9
github.com/apteva/apps/mcp/crm/messaging.go:2950.2,2950.101 1 9
github.com/apteva/apps/mcp/crm/messaging.go:2950.101,2952.3 1 0
github.com/apteva/apps/mcp/crm/messaging.go:2953.2,2953.29 1 9
github.com/apteva/apps/mcp/crm/messaging.go:2953.29,2955.3 1 0
github.com/apteva/apps/mcp/crm/messaging.go:2956.2,2963.31 3 9
github.com/apteva/apps/mcp/crm/messaging.go:2963.31,2964.77 1 1
github.com/apteva/apps/mcp/crm/messaging.go:2964.77,2966.91 2 1
github.com/apteva/apps/mcp/crm/messaging.go:2966.91,2968.5 1 0
github.com/apteva/apps/mcp/crm/messaging.go:2968.10,2970.5 1 1
github.com/apteva/apps/mcp/crm/messaging.go:2974.2,2974.17 1 9
github.com/apteva/apps/mcp/crm/messaging.go:2974.17,2976.3 1 6
github.com/apteva/apps/mcp/crm/messaging.go:2977.2,2977.14 1 9
github.com/apteva/apps/mcp/crm/messaging.go:2977.14,2984.3 1 1
github.com/apteva/apps/mcp/crm/messaging.go:2984.8,2984.24 1 8
github.com/apteva/apps/mcp/crm/messaging.go:2984.24,2991.3 1 1
github.com/apteva/apps/mcp/crm/messaging.go:2992.2,3001.19 3 9
github.com/apteva/apps/mcp/crm/messaging.go:3001.19,3003.3 1 8
github.com/apteva/apps/mcp/crm/messaging.go:3004.2,3024.17 3 9
github.com/apteva/apps/mcp/crm/messaging.go:3024.17,3026.3 1 1
github.com/apteva/apps/mcp/crm/messaging.go:3027.2,3027.17 1 9
github.com/apteva/apps/mcp/crm/messaging.go:3030.113,3031.61 1 9
github.com/apteva/apps/mcp/crm/messaging.go:3031.61,3033.17 2 4
github.com/apteva/apps/mcp/crm/messaging.go:3033.17,3035.4 1 0
github.com/apteva/apps/mcp/crm/messaging.go:3036.3,3036.22 1 4
github.com/apteva/apps/mcp/crm/messaging.go:3036.22,3038.4 1 1
github.com/apteva/apps/mcp/crm/messaging.go:3039.3,3040.17 2 3
github.com/apteva/apps/mcp/crm/messaging.go:3040.17,3042.4 1 0
github.com/apteva/apps/mcp/crm/messaging.go:3043.3,3044.16 2 3
github.com/apteva/apps/mcp/crm/messaging.go:3044.16,3046.4 1 3
github.com/apteva/apps/mcp/crm/messaging.go:3047.3,3048.17 2 3
github.com/apteva/apps/mcp/crm/messaging.go:3048.17,3052.123 2 0
github.com/apteva/apps/mcp/crm/messaging.go:3052.123,3054.5 1 0
github.com/apteva/apps/mcp/crm/messaging.go:3055.4,3055.24 1 0
github.com/apteva/apps/mcp/crm/messaging.go:3057.3,3057.37 1 3
github.com/apteva/apps/mcp/crm/messaging.go:3057.37,3059.4 1 0
github.com/apteva/apps/mcp/crm/messaging.go:3060.3,3060.23 1 3
github.com/apteva/apps/mcp/crm/messaging.go:3064.2,3064.23 1 5
github.com/apteva/apps/mcp/crm/messaging.go:3064.23,3065.103 1 0
github.com/apteva/apps/mcp/crm/messaging.go:3065.103,3067.4 1 0
github.com/apteva/apps/mcp/crm/messaging.go:3068.3,3068.88 1 0
github.com/apteva/apps/mcp/crm/messaging.go:3068.88,3070.4 1 0
github.com/apteva/apps/mcp/crm/messaging.go:3072.2,3072.35 1 5
github.com/apteva/apps/mcp/crm/messaging.go:3072.35,3073.80 1 0
github.com/apteva/apps/mcp/crm/messaging.go:3073.80,3075.4 1 0
github.com/apteva/apps/mcp/crm/messaging.go:3078.2,3079.16 2 5
github.com/apteva/apps/mcp/crm/messaging.go:3079.16,3081.3 1 0
github.com/apteva/apps/mcp/crm/messaging.go:3082.2,3083.15 2 5
github.com/apteva/apps/mcp/crm/messaging.go:3083.15,3085.3 1 5
github.com/apteva/apps/mcp/crm/messaging.go:3086.2,3087.16 2 5
github.com/apteva/apps/mcp/crm/messaging.go:3087.16,3090.3 2 0
github.com/apteva/apps/mcp/crm/messaging.go:3091.2,3091.36 1 5
github.com/apteva/apps/mcp/crm/messaging.go:3091.36,3093.3 1 0
github.com/apteva/apps/mcp/crm/messaging.go:3094.2,3094.22 1 5
github.com/apteva/apps/mcp/crm/messaging.go:3102.92,3103.85 1 9
github.com/apteva/apps/mcp/crm/messaging.go:3103.85,3105.3 1 3
github.com/apteva/apps/mcp/crm/messaging.go:3106.2,3112.51 3 6
github.com/apteva/apps/mcp/crm/messaging.go:3112.51,3115.3 2 0
github.com/apteva/apps/mcp/crm/messaging.go:3117.2,3117.29 1 6
github.com/apteva/apps/mcp/crm/messaging.go:3117.29,3119.3 1 2
github.com/apteva/apps/mcp/crm/messaging.go:3120.2,3121.18 2 4
github.com/apteva/apps/mcp/crm/messaging.go:3121.18,3123.3 1 0
github.com/apteva/apps/mcp/crm/messaging.go:3124.2,3135.16 2 4
github.com/apteva/apps/mcp/crm/messaging.go:3135.16,3137.3 1 0
github.com/apteva/apps/mcp/crm/messaging.go:3138.2,3140.18 3 4
github.com/apteva/apps/mcp/crm/messaging.go:3140.18,3142.40 2 0
github.com/apteva/apps/mcp/crm/messaging.go:3142.40,3144.4 1 0
github.com/apteva/apps/mcp/crm/messaging.go:3146.2,3146.22 1 4
github.com/apteva/apps/mcp/crm/messaging.go:3151.48,3152.17 1 11
github.com/apteva/apps/mcp/crm/messaging.go:3153.20,3154.31 1 4
github.com/apteva/apps/mcp/crm/messaging.go:3155.18,3156.29 1 6
github.com/apteva/apps/mcp/crm/messaging.go:3157.23,3158.34 1 1
github.com/apteva/apps/mcp/crm/messaging.go:3160.2,3160.11 1 0
github.com/apteva/apps/mcp/crm/messaging.go:3162.52,3163.17 1 9
github.com/apteva/apps/mcp/crm/messaging.go:3164.20,3165.35 1 5
github.com/apteva/apps/mcp/crm/messaging.go:3166.18,3167.33 1 3
github.com/apteva/apps/mcp/crm/messaging.go:3168.23,3169.38 1 1
github.com/apteva/apps/mcp/crm/messaging.go:3171.2,3171.11 1 0
github.com/apteva/apps/mcp/crm/messaging.go:3173.50,3174.17 1 1
github.com/apteva/apps/mcp/crm/messaging.go:3175.20,3176.37 1 0
github.com/apteva/apps/mcp/crm/messaging.go:3177.18,3178.35 1 1
github.com/apteva/apps/mcp/crm/messaging.go:3179.23,3180.40 1 0
github.com/apteva/apps/mcp/crm/messaging.go:3182.2,3182.11 1 0
github.com/apteva/apps/mcp/crm/messaging.go:3184.52,3185.17 1 0
github.com/apteva/apps/mcp/crm/messaging.go:3186.20,3187.35 1 0
github.com/apteva/apps/mcp/crm/messaging.go:3188.18,3189.33 1 0
github.com/apteva/apps/mcp/crm/messaging.go:3190.23,3191.38 1 0
github.com/apteva/apps/mcp/crm/messaging.go:3193.2,3193.11 1 0
github.com/apteva/apps/mcp/crm/messaging.go:3196.51,3197.17 1 53
github.com/apteva/apps/mcp/crm/messaging.go:3198.20,3199.17 1 26
github.com/apteva/apps/mcp/crm/messaging.go:3200.35,3201.17 1 27
github.com/apteva/apps/mcp/crm/messaging.go:3203.2,3203.11 1 0
github.com/apteva/apps/mcp/crm/messaging.go:3206.70,3207.16 1 2
github.com/apteva/apps/mcp/crm/messaging.go:3207.16,3209.3 1 0
github.com/apteva/apps/mcp/crm/messaging.go:3210.2,3211.17 2 2
github.com/apteva/apps/mcp/crm/messaging.go:3212.20,3213.60 1 1
github.com/apteva/apps/mcp/crm/messaging.go:3214.35,3215.60 1 1
github.com/apteva/apps/mcp/crm/messaging.go:3217.2,3217.11 1 0
github.com/apteva/apps/mcp/crm/messaging.go:3220.52,3222.29 2 49
github.com/apteva/apps/mcp/crm/messaging.go:3222.29,3223.52 1 45
github.com/apteva/apps/mcp/crm/messaging.go:3223.52,3225.4 1 40
github.com/apteva/apps/mcp/crm/messaging.go:3226.3,3226.31 1 5
github.com/apteva/apps/mcp/crm/messaging.go:3228.2,3228.13 1 4
github.com/apteva/apps/mcp/crm/messaging.go:3231.36,3233.11 2 43
github.com/apteva/apps/mcp/crm/messaging.go:3233.11,3235.3 1 4
github.com/apteva/apps/mcp/crm/messaging.go:3236.2,3236.56 1 39
github.com/apteva/apps/mcp/crm/messaging.go:3239.64,3240.49 1 6
github.com/apteva/apps/mcp/crm/messaging.go:3240.49,3241.66 1 0
github.com/apteva/apps/mcp/crm/messaging.go:3241.66,3243.4 1 0
github.com/apteva/apps/mcp/crm/messaging.go:3245.2,3245.67 1 6
github.com/apteva/apps/mcp/crm/messaging.go:3245.67,3247.3 1 0
github.com/apteva/apps/mcp/crm/messaging.go:3248.2,3248.13 1 6
github.com/apteva/apps/mcp/crm/messaging.go:3251.41,3252.19 1 31
github.com/apteva/apps/mcp/crm/messaging.go:3252.19,3254.3 1 31
github.com/apteva/apps/mcp/crm/messaging.go:3255.2,3255.24 1 0
github.com/apteva/apps/mcp/crm/messaging.go:3262.50,3264.16 2 1
github.com/apteva/apps/mcp/crm/messaging.go:3264.16,3266.3 1 0
github.com/apteva/apps/mcp/crm/messaging.go:3267.2,3267.33 1 1
github.com/apteva/apps/mcp/crm/messaging.go:3270.77,3271.33 1 0
github.com/apteva/apps/mcp/crm/messaging.go:3271.33,3274.3 2 0
github.com/apteva/apps/mcp/crm/messaging.go:3275.2,3276.38 2 0
github.com/apteva/apps/mcp/crm/messaging.go:3276.38,3279.3 2 0
github.com/apteva/apps/mcp/crm/messaging.go:3280.2,3281.16 2 0
github.com/apteva/apps/mcp/crm/messaging.go:3281.16,3284.3 2 0
github.com/apteva/apps/mcp/crm/messaging.go:3285.2,3286.55 2 0
github.com/apteva/apps/mcp/crm/messaging.go:3286.55,3288.3 1 0
github.com/apteva/apps/mcp/crm/messaging.go:3289.2,3290.16 2 0
github.com/apteva/apps/mcp/crm/messaging.go:3290.16,3293.3 2 0
github.com/apteva/apps/mcp/crm/messaging.go:3294.2,3294.18 1 0
github.com/apteva/apps/mcp/crm/messaging.go:3297.71,3298.33 1 0
github.com/apteva/apps/mcp/crm/messaging.go:3298.33,3301.3 2 0
github.com/apteva/apps/mcp/crm/messaging.go:3302.2,3303.38 2 0
github.com/apteva/apps/mcp/crm/messaging.go:3303.38,3306.3 2 0
github.com/apteva/apps/mcp/crm/messaging.go:3307.2,3308.16 2 0
github.com/apteva/apps/mcp/crm/messaging.go:3308.16,3311.3 2 0
github.com/apteva/apps/mcp/crm/messaging.go:3312.2,3313.55 2 0
github.com/apteva/apps/mcp/crm/messaging.go:3313.55,3315.3 1 0
github.com/apteva/apps/mcp/crm/messaging.go:3316.2,3317.16 2 0
github.com/apteva/apps/mcp/crm/messaging.go:3317.16,3320.3 2 0
github.com/apteva/apps/mcp/crm/messaging.go:3321.2,3321.18 1 0
github.com/apteva/apps/mcp/crm/messaging.go:3324.82,3325.32 1 0
github.com/apteva/apps/mcp/crm/messaging.go:3325.32,3328.3 2 0
github.com/apteva/apps/mcp/crm/messaging.go:3329.2,3330.16 2 0
github.com/apteva/apps/mcp/crm/messaging.go:3330.16,3333.3 2 0
github.com/apteva/apps/mcp/crm/messaging.go:3334.2,3338.79 2 0
github.com/apteva/apps/mcp/crm/messaging.go:3338.79,3340.3 1 0
github.com/apteva/apps/mcp/crm/messaging.go:3341.2,3342.81 2 0
github.com/apteva/apps/mcp/crm/messaging.go:3342.81,3345.3 2 0
github.com/apteva/apps/mcp/crm/messaging.go:3346.2,3346.18 1 0
github.com/apteva/apps/mcp/crm/messaging.go:3349.84,3350.32 1 0
github.com/apteva/apps/mcp/crm/messaging.go:3350.32,3353.3 2 0
github.com/apteva/apps/mcp/crm/messaging.go:3354.2,3355.16 2 0
github.com/apteva/apps/mcp/crm/messaging.go:3355.16,3358.3 2 0
github.com/apteva/apps/mcp/crm/messaging.go:3359.2,3363.79 2 0
github.com/apteva/apps/mcp/crm/messaging.go:3363.79,3365.3 1 0
github.com/apteva/apps/mcp/crm/messaging.go:3366.2,3367.82 2 0
github.com/apteva/apps/mcp/crm/messaging.go:3367.82,3370.3 2 0
github.com/apteva/apps/mcp/crm/messaging.go:3371.2,3371.18 1 0
github.com/apteva/apps/mcp/crm/messaging.go:3374.90,3375.32 1 0
github.com/apteva/apps/mcp/crm/messaging.go:3375.32,3378.3 2 0
github.com/apteva/apps/mcp/crm/messaging.go:3379.2,3380.16 2 0
github.com/apteva/apps/mcp/crm/messaging.go:3380.16,3383.3 2 0
github.com/apteva/apps/mcp/crm/messaging.go:3384.2,3385.16 2 0
github.com/apteva/apps/mcp/crm/messaging.go:3385.16,3388.3 2 0
github.com/apteva/apps/mcp/crm/messaging.go:3389.2,3390.16 2 0
github.com/apteva/apps/mcp/crm/messaging.go:3390.16,3393.3 2 0
github.com/apteva/apps/mcp/crm/messaging.go:3397.2,3398.16 2 0
github.com/apteva/apps/mcp/crm/messaging.go:3398.16,3401.3 2 0
github.com/apteva/apps/mcp/crm/messaging.go:3402.2,3402.18 1 0
github.com/apteva/apps/mcp/crm/messaging.go:3405.45,3407.39 2 52
github.com/apteva/apps/mcp/crm/messaging.go:3407.39,3409.87 2 5
github.com/apteva/apps/mcp/crm/messaging.go:3409.87,3411.4 1 5
github.com/apteva/apps/mcp/crm/messaging.go:3413.2,3413.30 1 52
github.com/apteva/apps/mcp/crm/messaging.go:3413.30,3415.3 1 2
github.com/apteva/apps/mcp/crm/messaging.go:3416.2,3416.10 1 50
github.com/apteva/apps/mcp/crm/messaging.go:3424.35,3425.46 1 23
github.com/apteva/apps/mcp/crm/messaging.go:3425.46,3427.3 1 8
github.com/apteva/apps/mcp/crm/messaging.go:3428.2,3428.30 1 15
github.com/apteva/apps/mcp/crm/messaging.go:3428.30,3430.3 1 1
github.com/apteva/apps/mcp/crm/messaging.go:3431.2,3431.30 1 14
github.com/apteva/apps/mcp/crm/messaging.go:3431.30,3432.31 1 140
github.com/apteva/apps/mcp/crm/messaging.go:3432.31,3434.4 1 0
github.com/apteva/apps/mcp/crm/messaging.go:3436.2,3436.13 1 14
github.com/apteva/apps/mcp/crm/messaging.go:3445.57,3446.38 1 25
github.com/apteva/apps/mcp/crm/messaging.go:3446.38,3448.3 1 2
github.com/apteva/apps/mcp/crm/messaging.go:3449.2,3450.26 2 23
github.com/apteva/apps/mcp/crm/messaging.go:3450.26,3452.3 1 9
github.com/apteva/apps/mcp/crm/messaging.go:3453.2,3453.18 1 14
github.com/apteva/apps/mcp/crm/messaging.go:3462.40,3464.2 1 27
github.com/apteva/apps/mcp/crm/messaging.go:3466.83,3467.32 1 0
github.com/apteva/apps/mcp/crm/messaging.go:3467.32,3470.3 2 0
github.com/apteva/apps/mcp/crm/messaging.go:3471.2,3472.38 2 0
github.com/apteva/apps/mcp/crm/messaging.go:3472.38,3475.3 2 0
github.com/apteva/apps/mcp/crm/messaging.go:3476.2,3477.50 2 0
github.com/apteva/apps/mcp/crm/messaging.go:3477.50,3479.3 1 0
github.com/apteva/apps/mcp/crm/messaging.go:3480.2,3480.46 1 0
github.com/apteva/apps/mcp/crm/messaging.go:3480.46,3482.3 1 0
github.com/apteva/apps/mcp/crm/messaging.go:3483.2,3483.86 1 0
github.com/apteva/apps/mcp/crm/messaging.go:3483.86,3484.41 1 0
github.com/apteva/apps/mcp/crm/messaging.go:3484.41,3486.4 1 0
github.com/apteva/apps/mcp/crm/messaging.go:3488.2,3488.48 1 0
github.com/apteva/apps/mcp/crm/messaging.go:3488.48,3490.3 1 0
github.com/apteva/apps/mcp/crm/messaging.go:3491.2,3491.51 1 0
github.com/apteva/apps/mcp/crm/messaging.go:3491.51,3493.3 1 0
github.com/apteva/apps/mcp/crm/messaging.go:3494.2,3494.52 1 0
github.com/apteva/apps/mcp/crm/messaging.go:3494.52,3496.63 2 0
github.com/apteva/apps/mcp/crm/messaging.go:3496.63,3499.4 2 0
github.com/apteva/apps/mcp/crm/messaging.go:3500.3,3500.28 1 0
github.com/apteva/apps/mcp/crm/messaging.go:3502.2,3502.55 1 0
github.com/apteva/apps/mcp/crm/messaging.go:3502.55,3504.3 1 0
github.com/apteva/apps/mcp/crm/messaging.go:3505.2,3506.16 2 0
github.com/apteva/apps/mcp/crm/messaging.go:3506.16,3509.3 2 0
github.com/apteva/apps/mcp/crm/messaging.go:3510.2,3510.18 1 0
github.com/apteva/apps/mcp/crm/messaging.go:3513.81,3514.32 1 0
github.com/apteva/apps/mcp/crm/messaging.go:3514.32,3517.3 2 0
github.com/apteva/apps/mcp/crm/messaging.go:3518.2,3520.56 2 0
github.com/apteva/apps/mcp/crm/messaging.go:3520.56,3523.3 2 0
github.com/apteva/apps/mcp/crm/messaging.go:3524.2,3525.63 2 0
github.com/apteva/apps/mcp/crm/messaging.go:3525.63,3527.3 1 0
github.com/apteva/apps/mcp/crm/messaging.go:3528.2,3528.64 1 0
github.com/apteva/apps/mcp/crm/messaging.go:3528.64,3530.3 1 0
github.com/apteva/apps/mcp/crm/messaging.go:3531.2,3531.55 1 0
github.com/apteva/apps/mcp/crm/messaging.go:3531.55,3533.3 1 0
github.com/apteva/apps/mcp/crm/messaging.go:3534.2,3535.16 2 0
github.com/apteva/apps/mcp/crm/messaging.go:3535.16,3538.3 2 0
github.com/apteva/apps/mcp/crm/messaging.go:3539.2,3539.18 1 0
github.com/apteva/apps/mcp/crm/messaging.go:3544.87,3545.33 1 0
github.com/apteva/apps/mcp/crm/messaging.go:3545.33,3548.3 2 0
github.com/apteva/apps/mcp/crm/messaging.go:3549.2,3551.56 2 0
github.com/apteva/apps/mcp/crm/messaging.go:3551.56,3554.3 2 0
github.com/apteva/apps/mcp/crm/messaging.go:3555.2,3556.16 2 0
github.com/apteva/apps/mcp/crm/messaging.go:3556.16,3559.3 2 0
github.com/apteva/apps/mcp/crm/messaging.go:3560.2,3562.55 3 0
github.com/apteva/apps/mcp/crm/messaging.go:3562.55,3564.3 1 0
github.com/apteva/apps/mcp/crm/messaging.go:3565.2,3566.16 2 0
github.com/apteva/apps/mcp/crm/messaging.go:3566.16,3569.3 2 0
github.com/apteva/apps/mcp/crm/messaging.go:3570.2,3570.18 1 0
github.com/apteva/apps/mcp/crm/messaging.go:3574.71,3575.32 1 2
github.com/apteva/apps/mcp/crm/messaging.go:3575.32,3578.3 2 0
github.com/apteva/apps/mcp/crm/messaging.go:3579.2,3580.47 2 2
github.com/apteva/apps/mcp/crm/messaging.go:3580.47,3582.3 1 2
github.com/apteva/apps/mcp/crm/messaging.go:3583.2,3583.46 1 2
github.com/apteva/apps/mcp/crm/messaging.go:3583.46,3585.17 2 1
github.com/apteva/apps/mcp/crm/messaging.go:3585.17,3588.4 2 0
github.com/apteva/apps/mcp/crm/messaging.go:3589.3,3589.20 1 1
github.com/apteva/apps/mcp/crm/messaging.go:3591.2,3591.47 1 2
github.com/apteva/apps/mcp/crm/messaging.go:3591.47,3593.17 2 1
github.com/apteva/apps/mcp/crm/messaging.go:3593.17,3596.4 2 0
github.com/apteva/apps/mcp/crm/messaging.go:3597.3,3597.21 1 1
github.com/apteva/apps/mcp/crm/messaging.go:3599.2,3599.71 1 2
github.com/apteva/apps/mcp/crm/messaging.go:3599.71,3601.63 2 1
github.com/apteva/apps/mcp/crm/messaging.go:3601.63,3604.4 2 0
github.com/apteva/apps/mcp/crm/messaging.go:3605.3,3605.28 1 1
github.com/apteva/apps/mcp/crm/messaging.go:3607.2,3607.55 1 2
github.com/apteva/apps/mcp/crm/messaging.go:3607.55,3609.3 1 2
github.com/apteva/apps/mcp/crm/messaging.go:3610.2,3611.16 2 2
github.com/apteva/apps/mcp/crm/messaging.go:3611.16,3614.3 2 0
github.com/apteva/apps/mcp/crm/messaging.go:3615.2,3615.18 1 2
github.com/apteva/apps/mcp/crm/messaging.go:3619.78,3621.18 2 0
github.com/apteva/apps/mcp/crm/messaging.go:3622.22,3624.16 2 0
github.com/apteva/apps/mcp/crm/messaging.go:3624.16,3626.4 1 0
github.com/apteva/apps/mcp/crm/messaging.go:3627.3,3628.17 2 0
github.com/apteva/apps/mcp/crm/messaging.go:3628.17,3631.4 2 0
github.com/apteva/apps/mcp/crm/messaging.go:3632.3,3632.19 1 0
github.com/apteva/apps/mcp/crm/messaging.go:3633.23,3635.17 2 0
github.com/apteva/apps/mcp/crm/messaging.go:3635.17,3638.4 2 0
github.com/apteva/apps/mcp/crm/messaging.go:3639.3,3639.16 1 0
github.com/apteva/apps/mcp/crm/messaging.go:3639.16,3641.4 1 0
github.com/apteva/apps/mcp/crm/messaging.go:3642.3,3643.17 2 0
github.com/apteva/apps/mcp/crm/messaging.go:3643.17,3646.4 2 0
github.com/apteva/apps/mcp/crm/messaging.go:3647.3,3647.19 1 0
github.com/apteva/apps/mcp/crm/messaging.go:3648.10,3649.57 1 0
github.com/apteva/apps/mcp/crm/messaging.go:3654.81,3655.35 1 0
github.com/apteva/apps/mcp/crm/messaging.go:3655.35,3658.3 2 0
github.com/apteva/apps/mcp/crm/messaging.go:3659.2,3660.14 2 0
github.com/apteva/apps/mcp/crm/messaging.go:3660.14,3663.3 2 0
github.com/apteva/apps/mcp/crm/messaging.go:3664.2,3665.55 2 0
github.com/apteva/apps/mcp/crm/messaging.go:3665.55,3667.3 1 0
github.com/apteva/apps/mcp/crm/messaging.go:3668.2,3669.16 2 0
github.com/apteva/apps/mcp/crm/messaging.go:3669.16,3672.3 2 0
github.com/apteva/apps/mcp/crm/messaging.go:3673.2,3673.18 1 0
github.com/apteva/apps/mcp/crm/messaging.go:3676.87,3678.2 1 1
github.com/apteva/apps/mcp/crm/messaging.go:3680.105,3682.63 2 2
github.com/apteva/apps/mcp/crm/messaging.go:3682.63,3684.3 1 1
github.com/apteva/apps/mcp/crm/messaging.go:3685.2,3685.16 1 1
github.com/apteva/apps/mcp/crm/messaging.go:3685.16,3687.3 1 0
github.com/apteva/apps/mcp/crm/messaging.go:3688.2,3688.17 1 1
github.com/apteva/apps/mcp/crm/opportunities.go:122.47,132.2 1 9
github.com/apteva/apps/mcp/crm/opportunities.go:134.35,134.48 1 63
github.com/apteva/apps/mcp/crm/opportunities.go:136.53,137.54 1 21
github.com/apteva/apps/mcp/crm/opportunities.go:138.28,139.30 1 6
github.com/apteva/apps/mcp/crm/opportunities.go:140.29,141.31 1 0
github.com/apteva/apps/mcp/crm/opportunities.go:142.10,143.31 1 15
github.com/apteva/apps/mcp/crm/opportunities.go:147.58,148.54 1 5
github.com/apteva/apps/mcp/crm/opportunities.go:149.33,150.36 1 2
github.com/apteva/apps/mcp/crm/opportunities.go:151.28,152.35 1 2
github.com/apteva/apps/mcp/crm/opportunities.go:153.29,154.36 1 0
github.com/apteva/apps/mcp/crm/opportunities.go:155.10,156.63 1 1
github.com/apteva/apps/mcp/crm/opportunities.go:160.59,161.66 1 3
github.com/apteva/apps/mcp/crm/opportunities.go:161.66,163.3 1 1
github.com/apteva/apps/mcp/crm/opportunities.go:164.2,164.12 1 2
github.com/apteva/apps/mcp/crm/opportunities.go:167.73,168.66 1 15
github.com/apteva/apps/mcp/crm/opportunities.go:168.66,170.3 1 6
github.com/apteva/apps/mcp/crm/opportunities.go:171.2,172.16 2 9
github.com/apteva/apps/mcp/crm/opportunities.go:172.16,174.3 1 0
github.com/apteva/apps/mcp/crm/opportunities.go:175.2,182.16 3 9
github.com/apteva/apps/mcp/crm/opportunities.go:182.16,183.29 1 0
github.com/apteva/apps/mcp/crm/opportunities.go:183.29,186.4 2 0
github.com/apteva/apps/mcp/crm/opportunities.go:187.3,187.18 1 0
github.com/apteva/apps/mcp/crm/opportunities.go:189.2,190.16 2 9
github.com/apteva/apps/mcp/crm/opportunities.go:190.16,192.3 1 0
github.com/apteva/apps/mcp/crm/opportunities.go:193.2,193.45 1 9
github.com/apteva/apps/mcp/crm/opportunities.go:193.45,199.17 1 63
github.com/apteva/apps/mcp/crm/opportunities.go:199.17,201.4 1 0
github.com/apteva/apps/mcp/crm/opportunities.go:203.2,203.36 1 9
github.com/apteva/apps/mcp/crm/opportunities.go:203.36,205.3 1 0
github.com/apteva/apps/mcp/crm/opportunities.go:206.2,206.43 1 9
github.com/apteva/apps/mcp/crm/opportunities.go:209.67,217.35 3 15
github.com/apteva/apps/mcp/crm/opportunities.go:217.35,219.3 1 9
github.com/apteva/apps/mcp/crm/opportunities.go:220.2,220.16 1 6
github.com/apteva/apps/mcp/crm/opportunities.go:220.16,222.3 1 0
github.com/apteva/apps/mcp/crm/opportunities.go:223.2,223.35 1 6
github.com/apteva/apps/mcp/crm/opportunities.go:226.104,227.37 1 1
github.com/apteva/apps/mcp/crm/opportunities.go:227.37,229.3 1 0
github.com/apteva/apps/mcp/crm/opportunities.go:230.2,230.22 1 1
github.com/apteva/apps/mcp/crm/opportunities.go:230.22,232.3 1 0
github.com/apteva/apps/mcp/crm/opportunities.go:233.2,234.16 2 1
github.com/apteva/apps/mcp/crm/opportunities.go:234.16,236.3 1 0
github.com/apteva/apps/mcp/crm/opportunities.go:237.2,238.17 2 1
github.com/apteva/apps/mcp/crm/opportunities.go:238.17,243.17 1 0
github.com/apteva/apps/mcp/crm/opportunities.go:243.17,245.4 1 0
github.com/apteva/apps/mcp/crm/opportunities.go:247.2,253.16 2 1
github.com/apteva/apps/mcp/crm/opportunities.go:253.16,254.29 1 0
github.com/apteva/apps/mcp/crm/opportunities.go:254.29,256.4 1 0
github.com/apteva/apps/mcp/crm/opportunities.go:257.3,257.18 1 0
github.com/apteva/apps/mcp/crm/opportunities.go:259.2,260.16 2 1
github.com/apteva/apps/mcp/crm/opportunities.go:260.16,262.3 1 0
github.com/apteva/apps/mcp/crm/opportunities.go:263.2,263.28 1 1
github.com/apteva/apps/mcp/crm/opportunities.go:263.28,265.15 2 2
github.com/apteva/apps/mcp/crm/opportunities.go:265.15,267.4 1 0
github.com/apteva/apps/mcp/crm/opportunities.go:268.3,268.14 1 2
github.com/apteva/apps/mcp/crm/opportunities.go:268.14,270.4 1 0
github.com/apteva/apps/mcp/crm/opportunities.go:271.3,271.39 1 2
github.com/apteva/apps/mcp/crm/opportunities.go:271.39,273.4 1 0
github.com/apteva/apps/mcp/crm/opportunities.go:274.3,275.17 2 2
github.com/apteva/apps/mcp/crm/opportunities.go:275.17,277.4 1 0
github.com/apteva/apps/mcp/crm/opportunities.go:278.3,278.66 1 2
github.com/apteva/apps/mcp/crm/opportunities.go:278.66,280.4 1 0
github.com/apteva/apps/mcp/crm/opportunities.go:281.3,286.17 1 2
github.com/apteva/apps/mcp/crm/opportunities.go:286.17,288.4 1 0
github.com/apteva/apps/mcp/crm/opportunities.go:290.2,290.36 1 1
github.com/apteva/apps/mcp/crm/opportunities.go:290.36,292.3 1 0
github.com/apteva/apps/mcp/crm/opportunities.go:293.2,293.35 1 1
github.com/apteva/apps/mcp/crm/opportunities.go:296.73,306.35 5 24
github.com/apteva/apps/mcp/crm/opportunities.go:306.35,308.3 1 0
github.com/apteva/apps/mcp/crm/opportunities.go:309.2,309.16 1 24
github.com/apteva/apps/mcp/crm/opportunities.go:309.16,311.3 1 0
github.com/apteva/apps/mcp/crm/opportunities.go:312.2,316.16 5 24
github.com/apteva/apps/mcp/crm/opportunities.go:316.16,318.3 1 0
github.com/apteva/apps/mcp/crm/opportunities.go:319.2,320.15 2 24
github.com/apteva/apps/mcp/crm/opportunities.go:323.89,324.60 1 6
github.com/apteva/apps/mcp/crm/opportunities.go:324.60,326.3 1 0
github.com/apteva/apps/mcp/crm/opportunities.go:327.2,328.22 2 6
github.com/apteva/apps/mcp/crm/opportunities.go:328.22,330.3 1 6
github.com/apteva/apps/mcp/crm/opportunities.go:331.2,335.16 2 6
github.com/apteva/apps/mcp/crm/opportunities.go:335.16,337.3 1 0
github.com/apteva/apps/mcp/crm/opportunities.go:338.2,339.18 2 6
github.com/apteva/apps/mcp/crm/opportunities.go:339.18,341.40 2 6
github.com/apteva/apps/mcp/crm/opportunities.go:341.40,344.4 2 0
github.com/apteva/apps/mcp/crm/opportunities.go:345.3,345.24 1 6
github.com/apteva/apps/mcp/crm/opportunities.go:347.2,347.35 1 6
github.com/apteva/apps/mcp/crm/opportunities.go:347.35,350.3 2 0
github.com/apteva/apps/mcp/crm/opportunities.go:351.2,351.37 1 6
github.com/apteva/apps/mcp/crm/opportunities.go:351.37,353.3 1 0
github.com/apteva/apps/mcp/crm/opportunities.go:354.2,355.25 2 6
github.com/apteva/apps/mcp/crm/opportunities.go:355.25,357.17 2 6
github.com/apteva/apps/mcp/crm/opportunities.go:357.17,359.4 1 0
github.com/apteva/apps/mcp/crm/opportunities.go:360.3,360.15 1 6
github.com/apteva/apps/mcp/crm/opportunities.go:360.15,362.4 1 6
github.com/apteva/apps/mcp/crm/opportunities.go:364.2,364.17 1 6
github.com/apteva/apps/mcp/crm/opportunities.go:367.113,369.22 2 25
github.com/apteva/apps/mcp/crm/opportunities.go:369.22,371.3 1 25
github.com/apteva/apps/mcp/crm/opportunities.go:372.2,380.16 2 25
github.com/apteva/apps/mcp/crm/opportunities.go:380.16,382.3 1 0
github.com/apteva/apps/mcp/crm/opportunities.go:383.2,385.18 3 25
github.com/apteva/apps/mcp/crm/opportunities.go:385.18,387.17 2 165
github.com/apteva/apps/mcp/crm/opportunities.go:387.17,389.4 1 0
github.com/apteva/apps/mcp/crm/opportunities.go:390.3,390.24 1 165
github.com/apteva/apps/mcp/crm/opportunities.go:392.2,392.35 1 25
github.com/apteva/apps/mcp/crm/opportunities.go:392.35,394.3 1 0
github.com/apteva/apps/mcp/crm/opportunities.go:395.2,395.17 1 25
github.com/apteva/apps/mcp/crm/opportunities.go:398.85,404.16 5 187
github.com/apteva/apps/mcp/crm/opportunities.go:404.16,406.3 1 0
github.com/apteva/apps/mcp/crm/opportunities.go:407.2,407.16 1 187
github.com/apteva/apps/mcp/crm/opportunities.go:407.16,409.3 1 182
github.com/apteva/apps/mcp/crm/opportunities.go:410.2,411.16 2 187
github.com/apteva/apps/mcp/crm/opportunities.go:414.83,422.35 3 22
github.com/apteva/apps/mcp/crm/opportunities.go:422.35,424.3 1 0
github.com/apteva/apps/mcp/crm/opportunities.go:425.2,425.16 1 22
github.com/apteva/apps/mcp/crm/opportunities.go:428.95,429.60 1 2
github.com/apteva/apps/mcp/crm/opportunities.go:429.60,431.3 1 0
github.com/apteva/apps/mcp/crm/opportunities.go:432.2,432.99 1 2
github.com/apteva/apps/mcp/crm/opportunities.go:432.99,433.17 1 0
github.com/apteva/apps/mcp/crm/opportunities.go:433.17,435.4 1 0
github.com/apteva/apps/mcp/crm/opportunities.go:436.3,436.47 1 0
github.com/apteva/apps/mcp/crm/opportunities.go:438.2,438.22 1 2
github.com/apteva/apps/mcp/crm/opportunities.go:438.22,443.36 1 2
github.com/apteva/apps/mcp/crm/opportunities.go:443.36,445.4 1 0
github.com/apteva/apps/mcp/crm/opportunities.go:447.2,447.21 1 2
github.com/apteva/apps/mcp/crm/opportunities.go:447.21,449.3 1 0
github.com/apteva/apps/mcp/crm/opportunities.go:450.2,451.16 2 2
github.com/apteva/apps/mcp/crm/opportunities.go:451.16,453.3 1 1
github.com/apteva/apps/mcp/crm/opportunities.go:454.2,454.65 1 1
github.com/apteva/apps/mcp/crm/opportunities.go:454.65,456.3 1 1
github.com/apteva/apps/mcp/crm/opportunities.go:457.2,464.16 2 0
github.com/apteva/apps/mcp/crm/opportunities.go:464.16,466.3 1 0
github.com/apteva/apps/mcp/crm/opportunities.go:467.2,468.16 2 0
github.com/apteva/apps/mcp/crm/opportunities.go:468.16,470.3 1 0
github.com/apteva/apps/mcp/crm/opportunities.go:471.2,471.40 1 0
github.com/apteva/apps/mcp/crm/opportunities.go:474.108,476.16 2 1
github.com/apteva/apps/mcp/crm/opportunities.go:476.16,478.3 1 0
github.com/apteva/apps/mcp/crm/opportunities.go:479.2,479.21 1 1
github.com/apteva/apps/mcp/crm/opportunities.go:479.21,481.3 1 0
github.com/apteva/apps/mcp/crm/opportunities.go:482.2,482.31 1 1
github.com/apteva/apps/mcp/crm/opportunities.go:482.31,484.3 1 0
github.com/apteva/apps/mcp/crm/opportunities.go:485.2,487.26 3 1
github.com/apteva/apps/mcp/crm/opportunities.go:487.26,488.12 1 1
github.com/apteva/apps/mcp/crm/opportunities.go:489.15,490.54 1 0
github.com/apteva/apps/mcp/crm/opportunities.go:490.54,493.5 2 0
github.com/apteva/apps/mcp/crm/opportunities.go:494.19,495.27 1 0
github.com/apteva/apps/mcp/crm/opportunities.go:495.27,497.5 1 0
github.com/apteva/apps/mcp/crm/opportunities.go:498.4,499.40 2 0
github.com/apteva/apps/mcp/crm/opportunities.go:500.19,502.18 2 1
github.com/apteva/apps/mcp/crm/opportunities.go:502.18,504.5 1 0
github.com/apteva/apps/mcp/crm/opportunities.go:505.4,505.37 1 1
github.com/apteva/apps/mcp/crm/opportunities.go:505.37,511.33 2 1
github.com/apteva/apps/mcp/crm/opportunities.go:511.33,513.6 1 0
github.com/apteva/apps/mcp/crm/opportunities.go:514.5,514.19 1 1
github.com/apteva/apps/mcp/crm/opportunities.go:514.19,516.6 1 1
github.com/apteva/apps/mcp/crm/opportunities.go:518.4,519.33 2 0
github.com/apteva/apps/mcp/crm/opportunities.go:520.22,522.64 2 0
github.com/apteva/apps/mcp/crm/opportunities.go:522.64,524.5 1 0
github.com/apteva/apps/mcp/crm/opportunities.go:525.4,526.51 2 0
github.com/apteva/apps/mcp/crm/opportunities.go:529.2,529.20 1 0
github.com/apteva/apps/mcp/crm/opportunities.go:529.20,531.3 1 0
github.com/apteva/apps/mcp/crm/opportunities.go:532.2,538.16 3 0
github.com/apteva/apps/mcp/crm/opportunities.go:538.16,540.3 1 0
github.com/apteva/apps/mcp/crm/opportunities.go:541.2,541.40 1 0
github.com/apteva/apps/mcp/crm/opportunities.go:544.69,550.25 2 0
github.com/apteva/apps/mcp/crm/opportunities.go:550.25,552.3 1 0
github.com/apteva/apps/mcp/crm/opportunities.go:553.2,553.11 1 0
github.com/apteva/apps/mcp/crm/opportunities.go:553.11,555.3 1 0
github.com/apteva/apps/mcp/crm/opportunities.go:556.2,562.16 2 0
github.com/apteva/apps/mcp/crm/opportunities.go:562.16,564.3 1 0
github.com/apteva/apps/mcp/crm/opportunities.go:565.2,566.16 2 0
github.com/apteva/apps/mcp/crm/opportunities.go:566.16,568.3 1 0
github.com/apteva/apps/mcp/crm/opportunities.go:569.2,569.18 1 0
github.com/apteva/apps/mcp/crm/opportunities.go:569.18,571.3 1 0
github.com/apteva/apps/mcp/crm/opportunities.go:572.2,572.12 1 0
github.com/apteva/apps/mcp/crm/opportunities.go:575.99,576.23 1 11
github.com/apteva/apps/mcp/crm/opportunities.go:576.23,578.3 1 0
github.com/apteva/apps/mcp/crm/opportunities.go:579.2,579.96 1 11
github.com/apteva/apps/mcp/crm/opportunities.go:579.96,580.17 1 0
github.com/apteva/apps/mcp/crm/opportunities.go:580.17,582.4 1 0
github.com/apteva/apps/mcp/crm/opportunities.go:583.3,583.46 1 0
github.com/apteva/apps/mcp/crm/opportunities.go:585.2,585.43 1 11
github.com/apteva/apps/mcp/crm/opportunities.go:585.43,587.17 2 9
github.com/apteva/apps/mcp/crm/opportunities.go:587.17,589.4 1 0
github.com/apteva/apps/mcp/crm/opportunities.go:590.3,591.24 2 9
github.com/apteva/apps/mcp/crm/opportunities.go:591.24,593.4 1 9
github.com/apteva/apps/mcp/crm/opportunities.go:595.2,595.43 1 11
github.com/apteva/apps/mcp/crm/opportunities.go:595.43,597.17 2 0
github.com/apteva/apps/mcp/crm/opportunities.go:597.17,599.4 1 0
github.com/apteva/apps/mcp/crm/opportunities.go:600.3,600.39 1 0
github.com/apteva/apps/mcp/crm/opportunities.go:600.39,602.4 1 0
github.com/apteva/apps/mcp/crm/opportunities.go:603.3,603.32 1 0
github.com/apteva/apps/mcp/crm/opportunities.go:605.2,605.43 1 11
github.com/apteva/apps/mcp/crm/opportunities.go:605.43,607.17 2 1
github.com/apteva/apps/mcp/crm/opportunities.go:607.17,609.4 1 0
github.com/apteva/apps/mcp/crm/opportunities.go:610.3,610.23 1 1
github.com/apteva/apps/mcp/crm/opportunities.go:610.23,612.4 1 0
github.com/apteva/apps/mcp/crm/opportunities.go:613.3,613.28 1 1
github.com/apteva/apps/mcp/crm/opportunities.go:615.2,616.16 2 11
github.com/apteva/apps/mcp/crm/opportunities.go:616.16,618.3 1 0
github.com/apteva/apps/mcp/crm/opportunities.go:619.2,619.72 1 11
github.com/apteva/apps/mcp/crm/opportunities.go:619.72,621.3 1 0
github.com/apteva/apps/mcp/crm/opportunities.go:622.2,622.39 1 11
github.com/apteva/apps/mcp/crm/opportunities.go:622.39,624.25 2 2
github.com/apteva/apps/mcp/crm/opportunities.go:624.25,626.4 1 0
github.com/apteva/apps/mcp/crm/opportunities.go:628.2,630.18 3 11
github.com/apteva/apps/mcp/crm/opportunities.go:630.18,632.3 1 11
github.com/apteva/apps/mcp/crm/opportunities.go:633.2,633.34 1 11
github.com/apteva/apps/mcp/crm/opportunities.go:633.34,635.3 1 0
github.com/apteva/apps/mcp/crm/opportunities.go:636.2,636.30 1 11
github.com/apteva/apps/mcp/crm/opportunities.go:636.30,638.3 1 0
github.com/apteva/apps/mcp/crm/opportunities.go:639.2,639.37 1 11
github.com/apteva/apps/mcp/crm/opportunities.go:639.37,642.3 2 11
github.com/apteva/apps/mcp/crm/opportunities.go:642.8,642.49 1 0
github.com/apteva/apps/mcp/crm/opportunities.go:642.49,644.3 1 0
github.com/apteva/apps/mcp/crm/opportunities.go:645.2,646.16 2 11
github.com/apteva/apps/mcp/crm/opportunities.go:646.16,648.3 1 0
github.com/apteva/apps/mcp/crm/opportunities.go:649.2,664.16 3 11
github.com/apteva/apps/mcp/crm/opportunities.go:664.16,666.3 1 0
github.com/apteva/apps/mcp/crm/opportunities.go:667.2,668.16 2 11
github.com/apteva/apps/mcp/crm/opportunities.go:668.16,670.3 1 0
github.com/apteva/apps/mcp/crm/opportunities.go:671.2,677.16 1 11
github.com/apteva/apps/mcp/crm/opportunities.go:677.16,679.3 1 0
github.com/apteva/apps/mcp/crm/opportunities.go:680.2,680.36 1 11
github.com/apteva/apps/mcp/crm/opportunities.go:680.36,682.3 1 0
github.com/apteva/apps/mcp/crm/opportunities.go:683.2,683.38 1 11
github.com/apteva/apps/mcp/crm/opportunities.go:686.79,689.35 3 22
github.com/apteva/apps/mcp/crm/opportunities.go:689.35,691.3 1 0
github.com/apteva/apps/mcp/crm/opportunities.go:692.2,692.15 1 22
github.com/apteva/apps/mcp/crm/opportunities.go:695.36,708.2 1 28
github.com/apteva/apps/mcp/crm/opportunities.go:710.81,722.16 4 24
github.com/apteva/apps/mcp/crm/opportunities.go:722.16,724.3 1 0
github.com/apteva/apps/mcp/crm/opportunities.go:725.2,725.17 1 24
github.com/apteva/apps/mcp/crm/opportunities.go:725.17,727.3 1 16
github.com/apteva/apps/mcp/crm/opportunities.go:728.2,728.28 1 24
github.com/apteva/apps/mcp/crm/opportunities.go:728.28,730.3 1 23
github.com/apteva/apps/mcp/crm/opportunities.go:731.2,731.15 1 24
github.com/apteva/apps/mcp/crm/opportunities.go:734.118,736.33 2 5
github.com/apteva/apps/mcp/crm/opportunities.go:736.33,738.3 1 0
github.com/apteva/apps/mcp/crm/opportunities.go:739.2,741.16 3 5
github.com/apteva/apps/mcp/crm/opportunities.go:741.16,743.3 1 0
github.com/apteva/apps/mcp/crm/opportunities.go:744.2,744.24 1 5
github.com/apteva/apps/mcp/crm/opportunities.go:744.24,746.3 1 0
github.com/apteva/apps/mcp/crm/opportunities.go:747.2,747.38 1 5
github.com/apteva/apps/mcp/crm/opportunities.go:747.38,750.17 3 5
github.com/apteva/apps/mcp/crm/opportunities.go:750.17,752.4 1 0
github.com/apteva/apps/mcp/crm/opportunities.go:753.3,753.104 1 5
github.com/apteva/apps/mcp/crm/opportunities.go:753.104,755.4 1 0
github.com/apteva/apps/mcp/crm/opportunities.go:757.2,758.36 2 5
github.com/apteva/apps/mcp/crm/opportunities.go:758.36,760.41 2 0
github.com/apteva/apps/mcp/crm/opportunities.go:760.41,762.4 1 0
github.com/apteva/apps/mcp/crm/opportunities.go:763.8,763.44 1 5
github.com/apteva/apps/mcp/crm/opportunities.go:763.44,765.3 1 5
github.com/apteva/apps/mcp/crm/opportunities.go:766.2,766.88 1 5
github.com/apteva/apps/mcp/crm/opportunities.go:766.88,768.3 1 0
github.com/apteva/apps/mcp/crm/opportunities.go:770.2,774.26 5 5
github.com/apteva/apps/mcp/crm/opportunities.go:774.26,775.12 1 6
github.com/apteva/apps/mcp/crm/opportunities.go:777.54,778.21 1 0
github.com/apteva/apps/mcp/crm/opportunities.go:778.21,779.13 1 0
github.com/apteva/apps/mcp/crm/opportunities.go:781.4,782.23 2 0
github.com/apteva/apps/mcp/crm/opportunities.go:782.23,784.5 1 0
github.com/apteva/apps/mcp/crm/opportunities.go:784.10,786.5 1 0
github.com/apteva/apps/mcp/crm/opportunities.go:787.16,789.58 2 0
github.com/apteva/apps/mcp/crm/opportunities.go:792.2,792.37 1 5
github.com/apteva/apps/mcp/crm/opportunities.go:792.37,795.3 2 5
github.com/apteva/apps/mcp/crm/opportunities.go:796.2,796.35 1 5
github.com/apteva/apps/mcp/crm/opportunities.go:796.35,799.3 2 3
github.com/apteva/apps/mcp/crm/opportunities.go:800.2,800.43 1 5
github.com/apteva/apps/mcp/crm/opportunities.go:800.43,802.3 1 2
github.com/apteva/apps/mcp/crm/opportunities.go:802.8,804.63 2 3
github.com/apteva/apps/mcp/crm/opportunities.go:804.63,806.4 1 3
github.com/apteva/apps/mcp/crm/opportunities.go:807.3,807.21 1 3
github.com/apteva/apps/mcp/crm/opportunities.go:807.21,810.4 2 3
github.com/apteva/apps/mcp/crm/opportunities.go:811.3,811.44 1 3
github.com/apteva/apps/mcp/crm/opportunities.go:811.44,812.41 1 0
github.com/apteva/apps/mcp/crm/opportunities.go:812.41,815.5 2 0
github.com/apteva/apps/mcp/crm/opportunities.go:816.9,818.4 1 3
github.com/apteva/apps/mcp/crm/opportunities.go:820.2,820.20 1 5
github.com/apteva/apps/mcp/crm/opportunities.go:820.20,822.3 1 0
github.com/apteva/apps/mcp/crm/opportunities.go:823.2,825.16 3 5
github.com/apteva/apps/mcp/crm/opportunities.go:825.16,827.3 1 0
github.com/apteva/apps/mcp/crm/opportunities.go:828.2,834.16 3 5
github.com/apteva/apps/mcp/crm/opportunities.go:834.16,836.3 1 0
github.com/apteva/apps/mcp/crm/opportunities.go:837.2,837.70 1 5
github.com/apteva/apps/mcp/crm/opportunities.go:837.70,845.17 1 5
github.com/apteva/apps/mcp/crm/opportunities.go:845.17,847.4 1 0
github.com/apteva/apps/mcp/crm/opportunities.go:849.2,849.36 1 5
github.com/apteva/apps/mcp/crm/opportunities.go:849.36,851.3 1 0
github.com/apteva/apps/mcp/crm/opportunities.go:852.2,853.16 2 5
github.com/apteva/apps/mcp/crm/opportunities.go:853.16,855.3 1 0
github.com/apteva/apps/mcp/crm/opportunities.go:856.2,856.27 1 5
github.com/apteva/apps/mcp/crm/opportunities.go:859.131,868.2 2 0
github.com/apteva/apps/mcp/crm/opportunities.go:870.97,879.16 2 1
github.com/apteva/apps/mcp/crm/opportunities.go:879.16,881.3 1 0
github.com/apteva/apps/mcp/crm/opportunities.go:882.2,884.18 3 1
github.com/apteva/apps/mcp/crm/opportunities.go:884.18,887.78 2 2
github.com/apteva/apps/mcp/crm/opportunities.go:887.78,889.4 1 0
github.com/apteva/apps/mcp/crm/opportunities.go:890.3,890.23 1 2
github.com/apteva/apps/mcp/crm/opportunities.go:892.2,892.35 1 1
github.com/apteva/apps/mcp/crm/opportunities.go:892.35,894.3 1 0
github.com/apteva/apps/mcp/crm/opportunities.go:895.2,895.17 1 1
github.com/apteva/apps/mcp/crm/opportunities.go:898.102,901.107 3 6
github.com/apteva/apps/mcp/crm/opportunities.go:901.107,902.35 1 0
github.com/apteva/apps/mcp/crm/opportunities.go:902.35,904.4 1 0
github.com/apteva/apps/mcp/crm/opportunities.go:905.3,906.32 2 0
github.com/apteva/apps/mcp/crm/opportunities.go:908.2,915.4 1 6
github.com/apteva/apps/mcp/crm/opportunities.go:915.4,916.43 1 18
github.com/apteva/apps/mcp/crm/opportunities.go:916.43,919.4 2 6
github.com/apteva/apps/mcp/crm/opportunities.go:921.2,929.4 1 6
github.com/apteva/apps/mcp/crm/opportunities.go:929.4,930.59 1 24
github.com/apteva/apps/mcp/crm/opportunities.go:930.59,933.4 2 2
github.com/apteva/apps/mcp/crm/opportunities.go:935.2,935.54 1 6
github.com/apteva/apps/mcp/crm/opportunities.go:935.54,941.3 2 0
github.com/apteva/apps/mcp/crm/opportunities.go:942.2,942.62 1 6
github.com/apteva/apps/mcp/crm/opportunities.go:942.62,948.3 2 0
github.com/apteva/apps/mcp/crm/opportunities.go:949.2,949.56 1 6
github.com/apteva/apps/mcp/crm/opportunities.go:949.56,953.3 3 0
github.com/apteva/apps/mcp/crm/opportunities.go:954.2,962.29 3 6
github.com/apteva/apps/mcp/crm/opportunities.go:962.29,964.3 1 0
github.com/apteva/apps/mcp/crm/opportunities.go:965.2,966.31 2 6
github.com/apteva/apps/mcp/crm/opportunities.go:966.31,968.3 1 0
github.com/apteva/apps/mcp/crm/opportunities.go:969.2,973.16 4 6
github.com/apteva/apps/mcp/crm/opportunities.go:973.16,975.3 1 0
github.com/apteva/apps/mcp/crm/opportunities.go:976.2,978.18 3 6
github.com/apteva/apps/mcp/crm/opportunities.go:978.18,980.17 2 2
github.com/apteva/apps/mcp/crm/opportunities.go:980.17,982.4 1 0
github.com/apteva/apps/mcp/crm/opportunities.go:983.3,983.23 1 2
github.com/apteva/apps/mcp/crm/opportunities.go:985.2,985.35 1 6
github.com/apteva/apps/mcp/crm/opportunities.go:985.35,987.3 1 0
github.com/apteva/apps/mcp/crm/opportunities.go:988.2,988.24 1 6
github.com/apteva/apps/mcp/crm/opportunities.go:991.92,992.28 1 25
github.com/apteva/apps/mcp/crm/opportunities.go:992.28,994.3 1 0
github.com/apteva/apps/mcp/crm/opportunities.go:995.2,1012.20 2 25
github.com/apteva/apps/mcp/crm/opportunities.go:1012.20,1014.3 1 20
github.com/apteva/apps/mcp/crm/opportunities.go:1015.2,1015.22 1 25
github.com/apteva/apps/mcp/crm/opportunities.go:1015.22,1017.3 1 20
github.com/apteva/apps/mcp/crm/opportunities.go:1018.2,1018.31 1 25
github.com/apteva/apps/mcp/crm/opportunities.go:1018.31,1020.3 1 24
github.com/apteva/apps/mcp/crm/opportunities.go:1021.2,1021.26 1 25
github.com/apteva/apps/mcp/crm/opportunities.go:1021.26,1023.3 1 11
github.com/apteva/apps/mcp/crm/opportunities.go:1024.2,1024.26 1 25
github.com/apteva/apps/mcp/crm/opportunities.go:1027.36,1028.14 1 76
github.com/apteva/apps/mcp/crm/opportunities.go:1028.14,1030.3 1 9
github.com/apteva/apps/mcp/crm/opportunities.go:1031.2,1031.11 1 67
github.com/apteva/apps/mcp/crm/opportunities.go:1034.33,1035.12 1 5
github.com/apteva/apps/mcp/crm/opportunities.go:1035.12,1037.3 1 0
github.com/apteva/apps/mcp/crm/opportunities.go:1038.2,1038.10 1 5
github.com/apteva/apps/mcp/crm/opportunities.go:1041.38,1042.23 1 13
github.com/apteva/apps/mcp/crm/opportunities.go:1043.11,1044.13 1 8
github.com/apteva/apps/mcp/crm/opportunities.go:1045.15,1046.12 1 5
github.com/apteva/apps/mcp/crm/opportunities.go:1047.15,1049.12 2 0
github.com/apteva/apps/mcp/crm/opportunities.go:1050.11,1052.12 2 0
github.com/apteva/apps/mcp/crm/opportunities.go:1053.13,1055.12 2 0
github.com/apteva/apps/mcp/crm/opportunities.go:1056.14,1057.33 1 0
github.com/apteva/apps/mcp/crm/opportunities.go:1057.33,1059.4 1 0
github.com/apteva/apps/mcp/crm/opportunities.go:1060.3,1061.17 2 0
github.com/apteva/apps/mcp/crm/opportunities.go:1061.17,1063.4 1 0
github.com/apteva/apps/mcp/crm/opportunities.go:1064.3,1064.12 1 0
github.com/apteva/apps/mcp/crm/opportunities.go:1065.10,1066.13 1 0
github.com/apteva/apps/mcp/crm/opportunities.go:1070.54,1073.29 3 1
github.com/apteva/apps/mcp/crm/opportunities.go:1073.29,1075.10 2 2
github.com/apteva/apps/mcp/crm/opportunities.go:1075.10,1076.12 1 0
github.com/apteva/apps/mcp/crm/opportunities.go:1078.3,1083.23 2 2
github.com/apteva/apps/mcp/crm/opportunities.go:1083.23,1085.4 1 0
github.com/apteva/apps/mcp/crm/opportunities.go:1086.3,1087.24 2 2
github.com/apteva/apps/mcp/crm/opportunities.go:1089.2,1089.12 1 1
github.com/apteva/apps/mcp/crm/opportunities.go:1092.81,1113.2 1 9
github.com/apteva/apps/mcp/crm/opportunities.go:1115.84,1117.16 2 6
github.com/apteva/apps/mcp/crm/opportunities.go:1117.16,1119.3 1 0
github.com/apteva/apps/mcp/crm/opportunities.go:1120.2,1122.16 3 6
github.com/apteva/apps/mcp/crm/opportunities.go:1122.16,1124.3 1 0
github.com/apteva/apps/mcp/crm/opportunities.go:1125.2,1125.65 1 6
github.com/apteva/apps/mcp/crm/opportunities.go:1128.85,1130.16 2 1
github.com/apteva/apps/mcp/crm/opportunities.go:1130.16,1132.3 1 0
github.com/apteva/apps/mcp/crm/opportunities.go:1133.2,1134.44 2 1
github.com/apteva/apps/mcp/crm/opportunities.go:1134.44,1136.3 1 0
github.com/apteva/apps/mcp/crm/opportunities.go:1137.2,1138.16 2 1
github.com/apteva/apps/mcp/crm/opportunities.go:1138.16,1140.3 1 0
github.com/apteva/apps/mcp/crm/opportunities.go:1141.2,1142.45 2 1
github.com/apteva/apps/mcp/crm/opportunities.go:1145.90,1147.16 2 2
github.com/apteva/apps/mcp/crm/opportunities.go:1147.16,1149.3 1 0
github.com/apteva/apps/mcp/crm/opportunities.go:1150.2,1158.16 3 2
github.com/apteva/apps/mcp/crm/opportunities.go:1158.16,1160.3 1 2
github.com/apteva/apps/mcp/crm/opportunities.go:1161.2,1162.42 2 0
github.com/apteva/apps/mcp/crm/opportunities.go:1165.90,1167.16 2 0
github.com/apteva/apps/mcp/crm/opportunities.go:1167.16,1169.3 1 0
github.com/apteva/apps/mcp/crm/opportunities.go:1170.2,1172.29 3 0
github.com/apteva/apps/mcp/crm/opportunities.go:1172.29,1174.3 1 0
github.com/apteva/apps/mcp/crm/opportunities.go:1175.2,1176.16 2 0
github.com/apteva/apps/mcp/crm/opportunities.go:1176.16,1178.3 1 0
github.com/apteva/apps/mcp/crm/opportunities.go:1179.2,1180.42 2 0
github.com/apteva/apps/mcp/crm/opportunities.go:1183.91,1185.16 2 0
github.com/apteva/apps/mcp/crm/opportunities.go:1185.16,1187.3 1 0
github.com/apteva/apps/mcp/crm/opportunities.go:1188.2,1189.13 2 0
github.com/apteva/apps/mcp/crm/opportunities.go:1189.13,1191.3 1 0
github.com/apteva/apps/mcp/crm/opportunities.go:1192.2,1192.69 1 0
github.com/apteva/apps/mcp/crm/opportunities.go:1192.69,1194.3 1 0
github.com/apteva/apps/mcp/crm/opportunities.go:1195.2,1196.56 2 0
github.com/apteva/apps/mcp/crm/opportunities.go:1199.90,1201.16 2 9
github.com/apteva/apps/mcp/crm/opportunities.go:1201.16,1203.3 1 0
github.com/apteva/apps/mcp/crm/opportunities.go:1204.2,1205.16 2 9
github.com/apteva/apps/mcp/crm/opportunities.go:1205.16,1207.3 1 0
github.com/apteva/apps/mcp/crm/opportunities.go:1208.2,1209.48 2 9
github.com/apteva/apps/mcp/crm/opportunities.go:1212.90,1214.16 2 5
github.com/apteva/apps/mcp/crm/opportunities.go:1214.16,1216.3 1 0
github.com/apteva/apps/mcp/crm/opportunities.go:1217.2,1218.13 2 5
github.com/apteva/apps/mcp/crm/opportunities.go:1218.13,1220.3 1 0
github.com/apteva/apps/mcp/crm/opportunities.go:1221.2,1222.18 2 5
github.com/apteva/apps/mcp/crm/opportunities.go:1222.18,1224.26 2 5
github.com/apteva/apps/mcp/crm/opportunities.go:1224.26,1225.64 1 11
github.com/apteva/apps/mcp/crm/opportunities.go:1225.64,1226.13 1 5
github.com/apteva/apps/mcp/crm/opportunities.go:1228.4,1228.16 1 6
github.com/apteva/apps/mcp/crm/opportunities.go:1231.2,1232.16 2 5
github.com/apteva/apps/mcp/crm/opportunities.go:1232.16,1234.3 1 0
github.com/apteva/apps/mcp/crm/opportunities.go:1235.2,1235.18 1 5
github.com/apteva/apps/mcp/crm/opportunities.go:1235.18,1237.3 1 0
github.com/apteva/apps/mcp/crm/opportunities.go:1238.2,1239.54 2 5
github.com/apteva/apps/mcp/crm/opportunities.go:1239.54,1241.3 1 5
github.com/apteva/apps/mcp/crm/opportunities.go:1242.2,1242.52 1 5
github.com/apteva/apps/mcp/crm/opportunities.go:1242.52,1244.43 2 3
github.com/apteva/apps/mcp/crm/opportunities.go:1244.43,1246.4 1 3
github.com/apteva/apps/mcp/crm/opportunities.go:1247.3,1247.44 1 3
github.com/apteva/apps/mcp/crm/opportunities.go:1247.44,1249.4 1 0
github.com/apteva/apps/mcp/crm/opportunities.go:1251.2,1251.65 1 5
github.com/apteva/apps/mcp/crm/opportunities.go:1254.90,1256.16 2 1
github.com/apteva/apps/mcp/crm/opportunities.go:1256.16,1258.3 1 0
github.com/apteva/apps/mcp/crm/opportunities.go:1259.2,1260.16 2 1
github.com/apteva/apps/mcp/crm/opportunities.go:1260.16,1262.3 1 0
github.com/apteva/apps/mcp/crm/opportunities.go:1263.2,1263.122 1 1
github.com/apteva/apps/mcp/crm/opportunities.go:1266.87,1268.16 2 1
github.com/apteva/apps/mcp/crm/opportunities.go:1268.16,1270.3 1 0
github.com/apteva/apps/mcp/crm/opportunities.go:1271.2,1272.13 2 1
github.com/apteva/apps/mcp/crm/opportunities.go:1272.13,1274.3 1 1
github.com/apteva/apps/mcp/crm/opportunities.go:1275.2,1276.16 2 1
github.com/apteva/apps/mcp/crm/opportunities.go:1276.16,1278.3 1 0
github.com/apteva/apps/mcp/crm/opportunities.go:1279.2,1279.14 1 1
github.com/apteva/apps/mcp/crm/opportunities.go:1279.14,1281.3 1 0
github.com/apteva/apps/mcp/crm/opportunities.go:1282.2,1283.16 2 1
github.com/apteva/apps/mcp/crm/opportunities.go:1283.16,1285.3 1 0
github.com/apteva/apps/mcp/crm/opportunities.go:1286.2,1287.16 2 1
github.com/apteva/apps/mcp/crm/opportunities.go:1287.16,1289.3 1 0
github.com/apteva/apps/mcp/crm/opportunities.go:1290.2,1291.16 2 1
github.com/apteva/apps/mcp/crm/opportunities.go:1291.16,1293.3 1 0
github.com/apteva/apps/mcp/crm/opportunities.go:1294.2,1295.16 2 1
github.com/apteva/apps/mcp/crm/opportunities.go:1295.16,1297.3 1 0
github.com/apteva/apps/mcp/crm/opportunities.go:1298.2,1305.8 1 1
github.com/apteva/apps/mcp/crm/opportunities.go:1308.75,1309.18 1 0
github.com/apteva/apps/mcp/crm/opportunities.go:1310.22,1311.33 1 0
github.com/apteva/apps/mcp/crm/opportunities.go:1312.23,1313.35 1 0
github.com/apteva/apps/mcp/crm/opportunities.go:1314.10,1315.64 1 0
github.com/apteva/apps/mcp/crm/opportunities.go:1319.78,1323.21 4 0
github.com/apteva/apps/mcp/crm/opportunities.go:1323.21,1326.3 2 0
github.com/apteva/apps/mcp/crm/opportunities.go:1327.2,1327.45 1 0
github.com/apteva/apps/mcp/crm/opportunities.go:1327.45,1328.53 1 0
github.com/apteva/apps/mcp/crm/opportunities.go:1328.53,1331.4 2 0
github.com/apteva/apps/mcp/crm/opportunities.go:1332.3,1332.22 1 0
github.com/apteva/apps/mcp/crm/opportunities.go:1332.22,1334.20 2 0
github.com/apteva/apps/mcp/crm/opportunities.go:1335.42,1336.51 1 0
github.com/apteva/apps/mcp/crm/opportunities.go:1337.27,1338.52 1 0
github.com/apteva/apps/mcp/crm/opportunities.go:1339.12,1340.66 1 0
github.com/apteva/apps/mcp/crm/opportunities.go:1342.4,1342.10 1 0
github.com/apteva/apps/mcp/crm/opportunities.go:1345.2,1345.32 1 0
github.com/apteva/apps/mcp/crm/opportunities.go:1345.32,1348.3 2 0
github.com/apteva/apps/mcp/crm/opportunities.go:1349.2,1350.16 2 0
github.com/apteva/apps/mcp/crm/opportunities.go:1350.16,1353.3 2 0
github.com/apteva/apps/mcp/crm/opportunities.go:1354.2,1355.16 2 0
github.com/apteva/apps/mcp/crm/opportunities.go:1355.16,1358.3 2 0
github.com/apteva/apps/mcp/crm/opportunities.go:1359.2,1359.14 1 0
github.com/apteva/apps/mcp/crm/opportunities.go:1359.14,1362.3 2 0
github.com/apteva/apps/mcp/crm/opportunities.go:1363.2,1363.44 1 0
github.com/apteva/apps/mcp/crm/opportunities.go:1366.78,1368.16 2 0
github.com/apteva/apps/mcp/crm/opportunities.go:1368.16,1371.3 2 0
github.com/apteva/apps/mcp/crm/opportunities.go:1372.2,1374.16 3 0
github.com/apteva/apps/mcp/crm/opportunities.go:1374.16,1377.3 2 0
github.com/apteva/apps/mcp/crm/opportunities.go:1378.2,1378.66 1 0
github.com/apteva/apps/mcp/crm/opportunities.go:1381.80,1383.16 2 0
github.com/apteva/apps/mcp/crm/opportunities.go:1383.16,1386.3 2 0
github.com/apteva/apps/mcp/crm/opportunities.go:1387.2,1388.52 2 0
github.com/apteva/apps/mcp/crm/opportunities.go:1388.52,1391.3 2 0
github.com/apteva/apps/mcp/crm/opportunities.go:1392.2,1393.44 2 0
github.com/apteva/apps/mcp/crm/opportunities.go:1393.44,1395.3 1 0
github.com/apteva/apps/mcp/crm/opportunities.go:1396.2,1397.16 2 0
github.com/apteva/apps/mcp/crm/opportunities.go:1397.16,1400.3 2 0
github.com/apteva/apps/mcp/crm/opportunities.go:1401.2,1402.46 2 0
github.com/apteva/apps/mcp/crm/opportunities.go:1405.103,1407.16 2 0
github.com/apteva/apps/mcp/crm/opportunities.go:1407.16,1410.3 2 0
github.com/apteva/apps/mcp/crm/opportunities.go:1411.2,1412.52 2 0
github.com/apteva/apps/mcp/crm/opportunities.go:1412.52,1415.3 2 0
github.com/apteva/apps/mcp/crm/opportunities.go:1416.2,1424.16 3 0
github.com/apteva/apps/mcp/crm/opportunities.go:1424.16,1427.3 2 0
github.com/apteva/apps/mcp/crm/opportunities.go:1428.2,1429.43 2 0
github.com/apteva/apps/mcp/crm/opportunities.go:1432.100,1434.16 2 0
github.com/apteva/apps/mcp/crm/opportunities.go:1434.16,1437.3 2 0
github.com/apteva/apps/mcp/crm/opportunities.go:1438.2,1439.53 2 0
github.com/apteva/apps/mcp/crm/opportunities.go:1439.53,1442.3 2 0
github.com/apteva/apps/mcp/crm/opportunities.go:1443.2,1444.16 2 0
github.com/apteva/apps/mcp/crm/opportunities.go:1444.16,1447.3 2 0
github.com/apteva/apps/mcp/crm/opportunities.go:1448.2,1449.43 2 0
github.com/apteva/apps/mcp/crm/opportunities.go:1452.101,1454.16 2 0
github.com/apteva/apps/mcp/crm/opportunities.go:1454.16,1457.3 2 0
github.com/apteva/apps/mcp/crm/opportunities.go:1458.2,1458.80 1 0
github.com/apteva/apps/mcp/crm/opportunities.go:1458.80,1461.3 2 0
github.com/apteva/apps/mcp/crm/opportunities.go:1462.2,1463.62 2 0
github.com/apteva/apps/mcp/crm/opportunities.go:1466.79,1467.18 1 0
github.com/apteva/apps/mcp/crm/opportunities.go:1468.22,1469.40 1 0
github.com/apteva/apps/mcp/crm/opportunities.go:1470.23,1471.38 1 0
github.com/apteva/apps/mcp/crm/opportunities.go:1472.10,1473.64 1 0
github.com/apteva/apps/mcp/crm/opportunities.go:1477.81,1479.13 2 0
github.com/apteva/apps/mcp/crm/opportunities.go:1479.13,1482.3 2 0
github.com/apteva/apps/mcp/crm/opportunities.go:1483.2,1483.18 1 0
github.com/apteva/apps/mcp/crm/opportunities.go:1484.22,1485.39 1 0
github.com/apteva/apps/mcp/crm/opportunities.go:1486.40,1487.42 1 0
github.com/apteva/apps/mcp/crm/opportunities.go:1488.10,1489.64 1 0
github.com/apteva/apps/mcp/crm/opportunities.go:1493.85,1495.16 2 0
github.com/apteva/apps/mcp/crm/opportunities.go:1495.16,1498.3 2 0
github.com/apteva/apps/mcp/crm/opportunities.go:1499.2,1500.107 2 0
github.com/apteva/apps/mcp/crm/opportunities.go:1500.107,1501.41 1 0
github.com/apteva/apps/mcp/crm/opportunities.go:1501.41,1503.4 1 0
github.com/apteva/apps/mcp/crm/opportunities.go:1505.2,1505.100 1 0
github.com/apteva/apps/mcp/crm/opportunities.go:1505.100,1506.41 1 0
github.com/apteva/apps/mcp/crm/opportunities.go:1506.41,1508.4 1 0
github.com/apteva/apps/mcp/crm/opportunities.go:1510.2,1511.16 2 0
github.com/apteva/apps/mcp/crm/opportunities.go:1511.16,1514.3 2 0
github.com/apteva/apps/mcp/crm/opportunities.go:1515.2,1515.86 1 0
github.com/apteva/apps/mcp/crm/opportunities.go:1518.83,1520.16 2 0
github.com/apteva/apps/mcp/crm/opportunities.go:1520.16,1523.3 2 0
github.com/apteva/apps/mcp/crm/opportunities.go:1524.2,1525.52 2 0
github.com/apteva/apps/mcp/crm/opportunities.go:1525.52,1528.3 2 0
github.com/apteva/apps/mcp/crm/opportunities.go:1529.2,1530.16 2 0
github.com/apteva/apps/mcp/crm/opportunities.go:1530.16,1533.3 2 0
github.com/apteva/apps/mcp/crm/opportunities.go:1534.2,1535.49 2 0
github.com/apteva/apps/mcp/crm/opportunities.go:1538.90,1540.16 2 0
github.com/apteva/apps/mcp/crm/opportunities.go:1540.16,1543.3 2 0
github.com/apteva/apps/mcp/crm/opportunities.go:1544.2,1545.16 2 0
github.com/apteva/apps/mcp/crm/opportunities.go:1545.16,1548.3 2 0
github.com/apteva/apps/mcp/crm/opportunities.go:1549.2,1549.14 1 0
github.com/apteva/apps/mcp/crm/opportunities.go:1549.14,1552.3 2 0
github.com/apteva/apps/mcp/crm/opportunities.go:1553.2,1554.16 2 0
github.com/apteva/apps/mcp/crm/opportunities.go:1554.16,1557.3 2 0
github.com/apteva/apps/mcp/crm/opportunities.go:1558.2,1558.64 1 0
github.com/apteva/apps/mcp/crm/opportunities.go:1561.93,1563.16 2 0
github.com/apteva/apps/mcp/crm/opportunities.go:1563.16,1566.3 2 0
github.com/apteva/apps/mcp/crm/opportunities.go:1567.2,1568.53 2 0
github.com/apteva/apps/mcp/crm/opportunities.go:1568.53,1571.3 2 0
github.com/apteva/apps/mcp/crm/opportunities.go:1572.2,1573.16 2 0
github.com/apteva/apps/mcp/crm/opportunities.go:1573.16,1576.3 2 0
github.com/apteva/apps/mcp/crm/opportunities.go:1577.2,1577.18 1 0
github.com/apteva/apps/mcp/crm/opportunities.go:1577.18,1580.3 2 0
github.com/apteva/apps/mcp/crm/opportunities.go:1581.2,1582.54 2 0
github.com/apteva/apps/mcp/crm/opportunities.go:1582.54,1584.3 1 0
github.com/apteva/apps/mcp/crm/opportunities.go:1585.2,1585.52 1 0
github.com/apteva/apps/mcp/crm/opportunities.go:1585.52,1587.43 2 0
github.com/apteva/apps/mcp/crm/opportunities.go:1587.43,1589.4 1 0
github.com/apteva/apps/mcp/crm/opportunities.go:1590.3,1590.44 1 0
github.com/apteva/apps/mcp/crm/opportunities.go:1590.44,1592.4 1 0
github.com/apteva/apps/mcp/crm/opportunities.go:1594.2,1594.51 1 0
github.com/apteva/apps/mcp/crm/opportunities.go:1597.86,1598.32 1 0
github.com/apteva/apps/mcp/crm/opportunities.go:1598.32,1601.3 2 0
github.com/apteva/apps/mcp/crm/opportunities.go:1602.2,1603.16 2 0
github.com/apteva/apps/mcp/crm/opportunities.go:1603.16,1606.3 2 0
github.com/apteva/apps/mcp/crm/opportunities.go:1607.2,1610.14 4 0
github.com/apteva/apps/mcp/crm/opportunities.go:1610.14,1613.3 2 0
github.com/apteva/apps/mcp/crm/opportunities.go:1614.2,1615.57 2 0
github.com/apteva/apps/mcp/crm/opportunities.go:1615.57,1617.3 1 0
github.com/apteva/apps/mcp/crm/opportunities.go:1618.2,1619.16 2 0
github.com/apteva/apps/mcp/crm/opportunities.go:1619.16,1622.3 2 0
github.com/apteva/apps/mcp/crm/opportunities.go:1623.2,1623.86 1 0
github.com/apteva/apps/mcp/crm/segments.go:66.59,69.2 2 0
github.com/apteva/apps/mcp/crm/segments.go:75.104,83.35 2 0
github.com/apteva/apps/mcp/crm/segments.go:83.35,87.3 1 0
github.com/apteva/apps/mcp/crm/segments.go:89.2,89.44 1 0
github.com/apteva/apps/mcp/crm/segments.go:89.44,91.3 1 0
github.com/apteva/apps/mcp/crm/segments.go:93.2,94.54 2 0
github.com/apteva/apps/mcp/crm/segments.go:94.54,97.75 2 0
github.com/apteva/apps/mcp/crm/segments.go:97.75,99.4 1 0
github.com/apteva/apps/mcp/crm/segments.go:99.9,101.4 1 0
github.com/apteva/apps/mcp/crm/segments.go:104.2,104.28 1 0
github.com/apteva/apps/mcp/crm/segments.go:104.28,105.54 1 0
github.com/apteva/apps/mcp/crm/segments.go:105.54,107.4 1 0
github.com/apteva/apps/mcp/crm/segments.go:109.2,109.16 1 0
github.com/apteva/apps/mcp/crm/segments.go:112.79,113.52 1 0
github.com/apteva/apps/mcp/crm/segments.go:113.52,115.3 1 0
github.com/apteva/apps/mcp/crm/segments.go:117.2,119.17 3 0
github.com/apteva/apps/mcp/crm/segments.go:119.17,121.3 1 0
github.com/apteva/apps/mcp/crm/segments.go:122.2,123.16 2 0
github.com/apteva/apps/mcp/crm/segments.go:123.16,125.3 1 0
github.com/apteva/apps/mcp/crm/segments.go:126.2,127.12 2 0
github.com/apteva/apps/mcp/crm/segments.go:130.94,131.14 1 0
github.com/apteva/apps/mcp/crm/segments.go:132.16,134.21 2 0
github.com/apteva/apps/mcp/crm/segments.go:134.21,136.4 1 0
github.com/apteva/apps/mcp/crm/segments.go:137.3,140.26 4 0
github.com/apteva/apps/mcp/crm/segments.go:140.26,142.4 1 0
github.com/apteva/apps/mcp/crm/segments.go:143.3,147.13 2 0
github.com/apteva/apps/mcp/crm/segments.go:149.20,151.21 2 0
github.com/apteva/apps/mcp/crm/segments.go:151.21,153.4 1 0
github.com/apteva/apps/mcp/crm/segments.go:154.3,157.26 4 0
github.com/apteva/apps/mcp/crm/segments.go:157.26,159.4 1 0
github.com/apteva/apps/mcp/crm/segments.go:160.3,164.13 2 0
github.com/apteva/apps/mcp/crm/segments.go:166.19,169.16 2 0
github.com/apteva/apps/mcp/crm/segments.go:169.16,171.4 1 0
github.com/apteva/apps/mcp/crm/segments.go:172.3,173.15 2 0
github.com/apteva/apps/mcp/crm/segments.go:173.15,175.4 1 0
github.com/apteva/apps/mcp/crm/segments.go:176.3,181.17 3 0
github.com/apteva/apps/mcp/crm/segments.go:181.17,183.4 1 0
github.com/apteva/apps/mcp/crm/segments.go:184.3,185.17 2 0
github.com/apteva/apps/mcp/crm/segments.go:185.17,187.4 1 0
github.com/apteva/apps/mcp/crm/segments.go:188.3,194.13 3 0
github.com/apteva/apps/mcp/crm/segments.go:196.30,198.16 2 0
github.com/apteva/apps/mcp/crm/segments.go:198.16,200.4 1 0
github.com/apteva/apps/mcp/crm/segments.go:201.3,204.17 4 0
github.com/apteva/apps/mcp/crm/segments.go:204.17,207.4 2 0
github.com/apteva/apps/mcp/crm/segments.go:210.3,216.13 4 0
github.com/apteva/apps/mcp/crm/segments.go:218.25,220.15 2 0
github.com/apteva/apps/mcp/crm/segments.go:221.16,224.58 1 0
github.com/apteva/apps/mcp/crm/segments.go:225.16,228.58 1 0
github.com/apteva/apps/mcp/crm/segments.go:229.11,230.18 1 0
github.com/apteva/apps/mcp/crm/segments.go:230.18,232.5 1 0
github.com/apteva/apps/mcp/crm/segments.go:233.4,235.10 1 0
github.com/apteva/apps/mcp/crm/segments.go:237.3,237.13 1 0
github.com/apteva/apps/mcp/crm/segments.go:239.17,241.18 2 0
github.com/apteva/apps/mcp/crm/segments.go:241.18,243.4 1 0
github.com/apteva/apps/mcp/crm/segments.go:244.3,247.13 2 0
github.com/apteva/apps/mcp/crm/segments.go:249.21,251.18 2 0
github.com/apteva/apps/mcp/crm/segments.go:251.18,253.4 1 0
github.com/apteva/apps/mcp/crm/segments.go:254.3,257.13 2 0
github.com/apteva/apps/mcp/crm/segments.go:259.24,261.17 2 0
github.com/apteva/apps/mcp/crm/segments.go:261.17,263.4 1 0
github.com/apteva/apps/mcp/crm/segments.go:269.3,272.13 2 0
github.com/apteva/apps/mcp/crm/segments.go:274.2,274.49 1 0
github.com/apteva/apps/mcp/crm/segments.go:280.78,281.25 1 6
github.com/apteva/apps/mcp/crm/segments.go:282.12,283.30 1 0
github.com/apteva/apps/mcp/crm/segments.go:284.15,285.32 1 2
github.com/apteva/apps/mcp/crm/segments.go:286.11,287.41 1 0
github.com/apteva/apps/mcp/crm/segments.go:288.13,289.41 1 0
github.com/apteva/apps/mcp/crm/segments.go:290.14,294.30 1 4
github.com/apteva/apps/mcp/crm/segments.go:295.11,296.32 1 0
github.com/apteva/apps/mcp/crm/segments.go:298.2,298.73 1 0
github.com/apteva/apps/mcp/crm/segments.go:301.64,303.12 2 6
github.com/apteva/apps/mcp/crm/segments.go:304.16,305.42 1 2
github.com/apteva/apps/mcp/crm/segments.go:306.13,307.43 1 0
github.com/apteva/apps/mcp/crm/segments.go:308.12,309.42 1 0
github.com/apteva/apps/mcp/crm/segments.go:310.13,311.43 1 2
github.com/apteva/apps/mcp/crm/segments.go:312.12,313.42 1 0
github.com/apteva/apps/mcp/crm/segments.go:314.13,315.43 1 0
github.com/apteva/apps/mcp/crm/segments.go:316.18,317.69 1 2
github.com/apteva/apps/mcp/crm/segments.go:318.21,319.63 1 0
github.com/apteva/apps/mcp/crm/segments.go:320.17,321.39 1 0
github.com/apteva/apps/mcp/crm/segments.go:323.2,323.59 1 0
github.com/apteva/apps/mcp/crm/segments.go:328.76,329.18 1 0
github.com/apteva/apps/mcp/crm/segments.go:329.18,331.3 1 0
github.com/apteva/apps/mcp/crm/segments.go:332.2,332.18 1 0
github.com/apteva/apps/mcp/crm/segments.go:332.18,334.3 1 0
github.com/apteva/apps/mcp/crm/segments.go:335.2,335.47 1 0
github.com/apteva/apps/mcp/crm/segments.go:335.47,337.3 1 0
github.com/apteva/apps/mcp/crm/segments.go:338.2,338.28 1 0
github.com/apteva/apps/mcp/crm/segments.go:338.28,340.3 1 0
github.com/apteva/apps/mcp/crm/segments.go:343.2,343.81 1 0
github.com/apteva/apps/mcp/crm/segments.go:343.81,345.3 1 0
github.com/apteva/apps/mcp/crm/segments.go:346.2,347.39 2 0
github.com/apteva/apps/mcp/crm/segments.go:347.39,349.3 1 0
github.com/apteva/apps/mcp/crm/segments.go:350.2,357.16 2 0
github.com/apteva/apps/mcp/crm/segments.go:357.16,358.29 1 0
github.com/apteva/apps/mcp/crm/segments.go:358.29,360.4 1 0
github.com/apteva/apps/mcp/crm/segments.go:361.3,361.18 1 0
github.com/apteva/apps/mcp/crm/segments.go:363.2,364.34 2 0
github.com/apteva/apps/mcp/crm/segments.go:367.71,380.80 6 0
github.com/apteva/apps/mcp/crm/segments.go:380.80,381.36 1 0
github.com/apteva/apps/mcp/crm/segments.go:381.36,383.4 1 0
github.com/apteva/apps/mcp/crm/segments.go:384.3,384.18 1 0
github.com/apteva/apps/mcp/crm/segments.go:386.2,386.18 1 0
github.com/apteva/apps/mcp/crm/segments.go:386.18,389.3 2 0
github.com/apteva/apps/mcp/crm/segments.go:390.2,390.18 1 0
github.com/apteva/apps/mcp/crm/segments.go:390.18,393.3 2 0
github.com/apteva/apps/mcp/crm/segments.go:394.2,395.15 2 0
github.com/apteva/apps/mcp/crm/segments.go:398.86,400.22 2 0
github.com/apteva/apps/mcp/crm/segments.go:400.22,402.3 1 0
github.com/apteva/apps/mcp/crm/segments.go:403.2,411.16 2 0
github.com/apteva/apps/mcp/crm/segments.go:411.16,413.3 1 0
github.com/apteva/apps/mcp/crm/segments.go:414.2,416.18 3 0
github.com/apteva/apps/mcp/crm/segments.go:416.18,422.81 5 0
github.com/apteva/apps/mcp/crm/segments.go:422.81,423.12 1 0
github.com/apteva/apps/mcp/crm/segments.go:425.3,425.19 1 0
github.com/apteva/apps/mcp/crm/segments.go:425.19,428.4 2 0
github.com/apteva/apps/mcp/crm/segments.go:429.3,429.19 1 0
github.com/apteva/apps/mcp/crm/segments.go:429.19,432.4 2 0
github.com/apteva/apps/mcp/crm/segments.go:433.3,434.23 2 0
github.com/apteva/apps/mcp/crm/segments.go:436.2,436.17 1 0
github.com/apteva/apps/mcp/crm/segments.go:439.96,446.26 4 0
github.com/apteva/apps/mcp/crm/segments.go:446.26,447.18 1 0
github.com/apteva/apps/mcp/crm/segments.go:447.18,448.12 1 0
github.com/apteva/apps/mcp/crm/segments.go:450.3,450.12 1 0
github.com/apteva/apps/mcp/crm/segments.go:451.21,453.18 2 0
github.com/apteva/apps/mcp/crm/segments.go:453.18,455.5 1 0
github.com/apteva/apps/mcp/crm/segments.go:457.4,457.69 1 0
github.com/apteva/apps/mcp/crm/segments.go:457.69,459.5 1 0
github.com/apteva/apps/mcp/crm/segments.go:460.4,463.66 3 0
github.com/apteva/apps/mcp/crm/segments.go:464.18,466.16 2 0
github.com/apteva/apps/mcp/crm/segments.go:466.16,468.5 1 0
github.com/apteva/apps/mcp/crm/segments.go:468.10,470.5 1 0
github.com/apteva/apps/mcp/crm/segments.go:471.11,473.42 2 0
github.com/apteva/apps/mcp/crm/segments.go:473.42,475.5 1 0
github.com/apteva/apps/mcp/crm/segments.go:475.10,477.5 1 0
github.com/apteva/apps/mcp/crm/segments.go:480.2,480.20 1 0
github.com/apteva/apps/mcp/crm/segments.go:480.20,482.3 1 0
github.com/apteva/apps/mcp/crm/segments.go:483.2,489.16 3 0
github.com/apteva/apps/mcp/crm/segments.go:489.16,491.3 1 0
github.com/apteva/apps/mcp/crm/segments.go:492.2,492.34 1 0
github.com/apteva/apps/mcp/crm/segments.go:495.63,502.2 2 0
github.com/apteva/apps/mcp/crm/segments.go:507.91,508.14 1 0
github.com/apteva/apps/mcp/crm/segments.go:508.14,510.3 1 0
github.com/apteva/apps/mcp/crm/segments.go:511.2,511.24 1 0
github.com/apteva/apps/mcp/crm/segments.go:511.24,513.3 1 0
github.com/apteva/apps/mcp/crm/segments.go:514.2,515.16 2 0
github.com/apteva/apps/mcp/crm/segments.go:515.16,517.3 1 0
github.com/apteva/apps/mcp/crm/segments.go:518.2,523.41 4 0
github.com/apteva/apps/mcp/crm/segments.go:523.41,525.3 1 0
github.com/apteva/apps/mcp/crm/segments.go:527.2,527.16 1 0
github.com/apteva/apps/mcp/crm/segments.go:527.16,529.3 1 0
github.com/apteva/apps/mcp/crm/segments.go:530.2,530.18 1 0
github.com/apteva/apps/mcp/crm/segments.go:530.18,532.3 1 0
github.com/apteva/apps/mcp/crm/segments.go:533.2,537.16 2 0
github.com/apteva/apps/mcp/crm/segments.go:537.16,539.3 1 0
github.com/apteva/apps/mcp/crm/segments.go:540.2,542.18 3 0
github.com/apteva/apps/mcp/crm/segments.go:542.18,544.40 2 0
github.com/apteva/apps/mcp/crm/segments.go:544.40,546.4 1 0
github.com/apteva/apps/mcp/crm/segments.go:548.2,548.24 1 0
github.com/apteva/apps/mcp/crm/segments.go:551.100,552.16 1 0
github.com/apteva/apps/mcp/crm/segments.go:552.16,554.3 1 0
github.com/apteva/apps/mcp/crm/segments.go:555.2,561.41 3 0
github.com/apteva/apps/mcp/crm/segments.go:561.41,563.3 1 0
github.com/apteva/apps/mcp/crm/segments.go:564.2,570.16 2 0
github.com/apteva/apps/mcp/crm/segments.go:570.16,572.3 1 0
github.com/apteva/apps/mcp/crm/segments.go:573.2,575.18 3 0
github.com/apteva/apps/mcp/crm/segments.go:575.18,577.40 2 0
github.com/apteva/apps/mcp/crm/segments.go:577.40,579.4 1 0
github.com/apteva/apps/mcp/crm/segments.go:581.2,581.24 1 0
github.com/apteva/apps/mcp/crm/segments.go:588.78,589.14 1 0
github.com/apteva/apps/mcp/crm/segments.go:589.14,591.3 1 0
github.com/apteva/apps/mcp/crm/segments.go:592.2,593.16 2 0
github.com/apteva/apps/mcp/crm/segments.go:593.16,595.3 1 0
github.com/apteva/apps/mcp/crm/segments.go:596.2,598.16 3 0
github.com/apteva/apps/mcp/crm/segments.go:598.16,600.3 1 0
github.com/apteva/apps/mcp/crm/segments.go:601.2,605.16 2 0
github.com/apteva/apps/mcp/crm/segments.go:605.16,607.3 1 0
github.com/apteva/apps/mcp/crm/segments.go:608.2,613.16 2 0
github.com/apteva/apps/mcp/crm/segments.go:613.16,615.3 1 0
github.com/apteva/apps/mcp/crm/segments.go:616.2,622.16 2 0
github.com/apteva/apps/mcp/crm/segments.go:622.16,624.3 1 0
github.com/apteva/apps/mcp/crm/segments.go:625.2,625.36 1 0
github.com/apteva/apps/mcp/crm/segments.go:625.36,627.3 1 0
github.com/apteva/apps/mcp/crm/segments.go:628.2,628.15 1 0
github.com/apteva/apps/mcp/crm/segments.go:635.72,636.14 1 0
github.com/apteva/apps/mcp/crm/segments.go:636.14,638.3 1 0
github.com/apteva/apps/mcp/crm/segments.go:639.2,639.24 1 0
github.com/apteva/apps/mcp/crm/segments.go:639.24,640.27 1 0
github.com/apteva/apps/mcp/crm/segments.go:640.27,642.4 1 0
github.com/apteva/apps/mcp/crm/segments.go:644.3,649.38 3 0
github.com/apteva/apps/mcp/crm/segments.go:649.38,651.4 1 0
github.com/apteva/apps/mcp/crm/segments.go:652.3,652.16 1 0
github.com/apteva/apps/mcp/crm/segments.go:655.2,656.46 2 0
github.com/apteva/apps/mcp/crm/segments.go:656.46,657.65 1 0
github.com/apteva/apps/mcp/crm/segments.go:657.65,658.27 1 0
github.com/apteva/apps/mcp/crm/segments.go:658.27,660.5 1 0
github.com/apteva/apps/mcp/crm/segments.go:663.2,664.16 2 0
github.com/apteva/apps/mcp/crm/segments.go:664.16,666.3 1 0
github.com/apteva/apps/mcp/crm/segments.go:667.2,670.37 4 0
github.com/apteva/apps/mcp/crm/segments.go:670.37,672.3 1 0
github.com/apteva/apps/mcp/crm/segments.go:673.2,678.15 2 0
github.com/apteva/apps/mcp/crm/segments.go:684.101,686.16 2 0
github.com/apteva/apps/mcp/crm/segments.go:686.16,688.3 1 0
github.com/apteva/apps/mcp/crm/segments.go:689.2,689.19 1 0
github.com/apteva/apps/mcp/crm/segments.go:689.19,691.3 1 0
github.com/apteva/apps/mcp/crm/segments.go:692.2,695.25 4 0
github.com/apteva/apps/mcp/crm/segments.go:695.25,697.3 1 0
github.com/apteva/apps/mcp/crm/segments.go:698.2,707.16 2 0
github.com/apteva/apps/mcp/crm/segments.go:707.16,709.3 1 0
github.com/apteva/apps/mcp/crm/segments.go:710.2,712.18 3 0
github.com/apteva/apps/mcp/crm/segments.go:712.18,715.86 2 0
github.com/apteva/apps/mcp/crm/segments.go:715.86,717.4 1 0
github.com/apteva/apps/mcp/crm/segments.go:719.2,719.24 1 0
github.com/apteva/apps/mcp/crm/segments.go:724.85,726.16 2 0
github.com/apteva/apps/mcp/crm/segments.go:726.16,728.3 1 0
github.com/apteva/apps/mcp/crm/segments.go:729.2,734.54 2 0
github.com/apteva/apps/mcp/crm/segments.go:734.54,736.3 1 0
github.com/apteva/apps/mcp/crm/segments.go:737.2,737.39 1 0
github.com/apteva/apps/mcp/crm/segments.go:737.39,740.3 2 0
github.com/apteva/apps/mcp/crm/segments.go:741.2,742.16 2 0
github.com/apteva/apps/mcp/crm/segments.go:742.16,744.3 1 0
github.com/apteva/apps/mcp/crm/segments.go:745.2,746.44 2 0
github.com/apteva/apps/mcp/crm/segments.go:749.83,751.16 2 0
github.com/apteva/apps/mcp/crm/segments.go:751.16,753.3 1 0
github.com/apteva/apps/mcp/crm/segments.go:754.2,756.16 3 0
github.com/apteva/apps/mcp/crm/segments.go:756.16,758.3 1 0
github.com/apteva/apps/mcp/crm/segments.go:759.2,759.64 1 0
github.com/apteva/apps/mcp/crm/segments.go:762.82,764.16 2 0
github.com/apteva/apps/mcp/crm/segments.go:764.16,766.3 1 0
github.com/apteva/apps/mcp/crm/segments.go:767.2,768.13 2 0
github.com/apteva/apps/mcp/crm/segments.go:768.13,770.3 1 0
github.com/apteva/apps/mcp/crm/segments.go:771.2,772.16 2 0
github.com/apteva/apps/mcp/crm/segments.go:772.16,774.3 1 0
github.com/apteva/apps/mcp/crm/segments.go:775.2,775.14 1 0
github.com/apteva/apps/mcp/crm/segments.go:775.14,777.3 1 0
github.com/apteva/apps/mcp/crm/segments.go:778.2,778.57 1 0
github.com/apteva/apps/mcp/crm/segments.go:781.85,783.16 2 0
github.com/apteva/apps/mcp/crm/segments.go:783.16,785.3 1 0
github.com/apteva/apps/mcp/crm/segments.go:786.2,787.13 2 0
github.com/apteva/apps/mcp/crm/segments.go:787.13,789.3 1 0
github.com/apteva/apps/mcp/crm/segments.go:790.2,791.18 2 0
github.com/apteva/apps/mcp/crm/segments.go:791.18,793.3 1 0
github.com/apteva/apps/mcp/crm/segments.go:794.2,795.16 2 0
github.com/apteva/apps/mcp/crm/segments.go:795.16,797.3 1 0
github.com/apteva/apps/mcp/crm/segments.go:798.2,799.44 2 0
github.com/apteva/apps/mcp/crm/segments.go:802.85,804.16 2 0
github.com/apteva/apps/mcp/crm/segments.go:804.16,806.3 1 0
github.com/apteva/apps/mcp/crm/segments.go:807.2,808.13 2 0
github.com/apteva/apps/mcp/crm/segments.go:808.13,810.3 1 0
github.com/apteva/apps/mcp/crm/segments.go:811.2,811.63 1 0
github.com/apteva/apps/mcp/crm/segments.go:811.63,813.3 1 0
github.com/apteva/apps/mcp/crm/segments.go:814.2,815.56 2 0
github.com/apteva/apps/mcp/crm/segments.go:818.83,820.16 2 0
github.com/apteva/apps/mcp/crm/segments.go:820.16,822.3 1 0
github.com/apteva/apps/mcp/crm/segments.go:823.2,824.13 2 0
github.com/apteva/apps/mcp/crm/segments.go:824.13,826.3 1 0
github.com/apteva/apps/mcp/crm/segments.go:827.2,828.16 2 0
github.com/apteva/apps/mcp/crm/segments.go:828.16,830.3 1 0
github.com/apteva/apps/mcp/crm/segments.go:831.2,831.14 1 0
github.com/apteva/apps/mcp/crm/segments.go:831.14,833.3 1 0
github.com/apteva/apps/mcp/crm/segments.go:834.2,836.16 3 0
github.com/apteva/apps/mcp/crm/segments.go:836.16,838.3 1 0
github.com/apteva/apps/mcp/crm/segments.go:839.2,839.80 1 0
github.com/apteva/apps/mcp/crm/segments.go:842.84,844.16 2 0
github.com/apteva/apps/mcp/crm/segments.go:844.16,846.3 1 0
github.com/apteva/apps/mcp/crm/segments.go:847.2,848.13 2 0
github.com/apteva/apps/mcp/crm/segments.go:848.13,850.3 1 0
github.com/apteva/apps/mcp/crm/segments.go:851.2,852.16 2 0
github.com/apteva/apps/mcp/crm/segments.go:852.16,854.3 1 0
github.com/apteva/apps/mcp/crm/segments.go:855.2,855.14 1 0
github.com/apteva/apps/mcp/crm/segments.go:855.14,857.3 1 0
github.com/apteva/apps/mcp/crm/segments.go:858.2,859.16 2 0
github.com/apteva/apps/mcp/crm/segments.go:859.16,861.3 1 0
github.com/apteva/apps/mcp/crm/segments.go:862.2,862.56 1 0
github.com/apteva/apps/mcp/crm/segments.go:865.90,867.16 2 0
github.com/apteva/apps/mcp/crm/segments.go:867.16,869.3 1 0
github.com/apteva/apps/mcp/crm/segments.go:870.2,871.13 2 0
github.com/apteva/apps/mcp/crm/segments.go:871.13,873.3 1 0
github.com/apteva/apps/mcp/crm/segments.go:874.2,875.16 2 0
github.com/apteva/apps/mcp/crm/segments.go:875.16,877.3 1 0
github.com/apteva/apps/mcp/crm/segments.go:878.2,878.14 1 0
github.com/apteva/apps/mcp/crm/segments.go:878.14,880.3 1 0
github.com/apteva/apps/mcp/crm/segments.go:882.2,883.16 2 0
github.com/apteva/apps/mcp/crm/segments.go:883.16,885.3 1 0
github.com/apteva/apps/mcp/crm/segments.go:886.2,887.90 2 0
github.com/apteva/apps/mcp/crm/segments.go:892.74,893.18 1 0
github.com/apteva/apps/mcp/crm/segments.go:894.22,895.32 1 0
github.com/apteva/apps/mcp/crm/segments.go:896.23,897.35 1 0
github.com/apteva/apps/mcp/crm/segments.go:898.10,899.64 1 0
github.com/apteva/apps/mcp/crm/segments.go:903.77,907.13 4 0
github.com/apteva/apps/mcp/crm/segments.go:907.13,910.3 2 0
github.com/apteva/apps/mcp/crm/segments.go:911.2,911.21 1 0
github.com/apteva/apps/mcp/crm/segments.go:911.21,912.19 1 0
github.com/apteva/apps/mcp/crm/segments.go:913.15,915.10 2 0
github.com/apteva/apps/mcp/crm/segments.go:916.18,918.10 2 0
github.com/apteva/apps/mcp/crm/segments.go:919.22,921.10 2 0
github.com/apteva/apps/mcp/crm/segments.go:924.2,924.18 1 0
github.com/apteva/apps/mcp/crm/segments.go:925.22,926.35 1 0
github.com/apteva/apps/mcp/crm/segments.go:927.24,928.38 1 0
github.com/apteva/apps/mcp/crm/segments.go:929.25,930.38 1 0
github.com/apteva/apps/mcp/crm/segments.go:931.10,932.64 1 0
github.com/apteva/apps/mcp/crm/segments.go:936.77,938.16 2 0
github.com/apteva/apps/mcp/crm/segments.go:938.16,941.3 2 0
github.com/apteva/apps/mcp/crm/segments.go:942.2,944.16 3 0
github.com/apteva/apps/mcp/crm/segments.go:944.16,947.3 2 0
github.com/apteva/apps/mcp/crm/segments.go:948.2,948.65 1 0
github.com/apteva/apps/mcp/crm/segments.go:951.80,953.16 2 0
github.com/apteva/apps/mcp/crm/segments.go:953.16,956.3 2 0
github.com/apteva/apps/mcp/crm/segments.go:957.2,958.52 2 0
github.com/apteva/apps/mcp/crm/segments.go:958.52,961.3 2 0
github.com/apteva/apps/mcp/crm/segments.go:962.2,967.54 2 0
github.com/apteva/apps/mcp/crm/segments.go:967.54,969.3 1 0
github.com/apteva/apps/mcp/crm/segments.go:970.2,970.39 1 0
github.com/apteva/apps/mcp/crm/segments.go:970.39,973.3 2 0
github.com/apteva/apps/mcp/crm/segments.go:974.2,975.16 2 0
github.com/apteva/apps/mcp/crm/segments.go:975.16,978.3 2 0
github.com/apteva/apps/mcp/crm/segments.go:979.2,980.45 2 0
github.com/apteva/apps/mcp/crm/segments.go:983.86,985.16 2 0
github.com/apteva/apps/mcp/crm/segments.go:985.16,988.3 2 0
github.com/apteva/apps/mcp/crm/segments.go:989.2,990.16 2 0
github.com/apteva/apps/mcp/crm/segments.go:990.16,993.3 2 0
github.com/apteva/apps/mcp/crm/segments.go:994.2,994.14 1 0
github.com/apteva/apps/mcp/crm/segments.go:994.14,997.3 2 0
github.com/apteva/apps/mcp/crm/segments.go:998.2,998.43 1 0
github.com/apteva/apps/mcp/crm/segments.go:1001.89,1003.16 2 0
github.com/apteva/apps/mcp/crm/segments.go:1003.16,1006.3 2 0
github.com/apteva/apps/mcp/crm/segments.go:1007.2,1008.53 2 0
github.com/apteva/apps/mcp/crm/segments.go:1008.53,1011.3 2 0
github.com/apteva/apps/mcp/crm/segments.go:1012.2,1013.16 2 0
github.com/apteva/apps/mcp/crm/segments.go:1013.16,1016.3 2 0
github.com/apteva/apps/mcp/crm/segments.go:1017.2,1018.45 2 0
github.com/apteva/apps/mcp/crm/segments.go:1021.89,1023.16 2 0
github.com/apteva/apps/mcp/crm/segments.go:1023.16,1026.3 2 0
github.com/apteva/apps/mcp/crm/segments.go:1027.2,1027.69 1 0
github.com/apteva/apps/mcp/crm/segments.go:1027.69,1030.3 2 0
github.com/apteva/apps/mcp/crm/segments.go:1031.2,1032.57 2 0
github.com/apteva/apps/mcp/crm/segments.go:1035.87,1037.16 2 0
github.com/apteva/apps/mcp/crm/segments.go:1037.16,1040.3 2 0
github.com/apteva/apps/mcp/crm/segments.go:1041.2,1042.28 2 0
github.com/apteva/apps/mcp/crm/segments.go:1042.28,1045.3 2 0
github.com/apteva/apps/mcp/crm/segments.go:1046.2,1048.16 3 0
github.com/apteva/apps/mcp/crm/segments.go:1048.16,1051.3 2 0
github.com/apteva/apps/mcp/crm/segments.go:1052.2,1052.81 1 0
github.com/apteva/apps/mcp/crm/segments.go:1055.90,1057.16 2 0
github.com/apteva/apps/mcp/crm/segments.go:1057.16,1060.3 2 0
github.com/apteva/apps/mcp/crm/segments.go:1061.2,1062.28 2 0
github.com/apteva/apps/mcp/crm/segments.go:1062.28,1065.3 2 0
github.com/apteva/apps/mcp/crm/segments.go:1066.2,1068.16 3 0
github.com/apteva/apps/mcp/crm/segments.go:1068.16,1071.3 2 0
github.com/apteva/apps/mcp/crm/segments.go:1072.2,1072.78 1 0
github.com/apteva/apps/mcp/crm/segments.go:1075.94,1076.33 1 0
github.com/apteva/apps/mcp/crm/segments.go:1076.33,1079.3 2 0
github.com/apteva/apps/mcp/crm/segments.go:1080.2,1081.16 2 0
github.com/apteva/apps/mcp/crm/segments.go:1081.16,1084.3 2 0
github.com/apteva/apps/mcp/crm/segments.go:1085.2,1086.28 2 0
github.com/apteva/apps/mcp/crm/segments.go:1086.28,1089.3 2 0
github.com/apteva/apps/mcp/crm/segments.go:1090.2,1091.16 2 0
github.com/apteva/apps/mcp/crm/segments.go:1091.16,1094.3 2 0
github.com/apteva/apps/mcp/crm/segments.go:1095.2,1096.91 2 0
github.com/apteva/apps/mcp/crm/segments.go:1101.60,1103.9 2 0
github.com/apteva/apps/mcp/crm/segments.go:1103.9,1105.3 1 0
github.com/apteva/apps/mcp/crm/segments.go:1106.2,1107.9 2 0
github.com/apteva/apps/mcp/crm/segments.go:1107.9,1109.3 1 0
github.com/apteva/apps/mcp/crm/segments.go:1110.2,1111.24 2 0
github.com/apteva/apps/mcp/crm/segments.go:1111.24,1112.41 1 0
github.com/apteva/apps/mcp/crm/segments.go:1112.41,1114.4 1 0
github.com/apteva/apps/mcp/crm/segments.go:1116.2,1116.12 1 0
github.com/apteva/apps/mcp/crm/segments.go:1119.28,1120.23 1 0
github.com/apteva/apps/mcp/crm/segments.go:1121.15,1122.16 1 0
github.com/apteva/apps/mcp/crm/segments.go:1123.11,1124.11 1 0
github.com/apteva/apps/mcp/crm/segments.go:1125.13,1126.16 1 0
github.com/apteva/apps/mcp/crm/segments.go:1128.2,1128.10 1 0
github.com/apteva/apps/mcp/crm/segments.go:1131.32,1132.23 1 42
github.com/apteva/apps/mcp/crm/segments.go:1133.15,1134.18 1 18
github.com/apteva/apps/mcp/crm/segments.go:1135.11,1136.18 1 11
github.com/apteva/apps/mcp/crm/segments.go:1137.13,1138.11 1 12
github.com/apteva/apps/mcp/crm/segments.go:1139.14,1141.11 2 0
github.com/apteva/apps/mcp/crm/segments.go:1143.2,1143.10 1 1
